zone,position,fault_type,fault_raw,R1_A_fault_mag,R1_A_fault_ang,R1_A_fault_rms,R1_A_fault_peak,R1_A_fault_crest,R1_B_fault_mag,R1_B_fault_ang,R1_B_fault_rms,R1_B_fault_peak,R1_B_fault_crest,R1_C_fault_mag,R1_C_fault_ang,R1_C_fault_rms,R1_C_fault_peak,R1_C_fault_crest,R2_A_fault_mag,R2_A_fault_ang,R2_A_fault_rms,R2_A_fault_peak,R2_A_fault_crest,R2_B_fault_mag,R2_B_fault_ang,R2_B_fault_rms,R2_B_fault_peak,R2_B_fault_crest,R2_C_fault_mag,R2_C_fault_ang,R2_C_fault_rms,R2_C_fault_peak,R2_C_fault_crest,R3_A_fault_mag,R3_A_fault_ang,R3_A_fault_rms,R3_A_fault_peak,R3_A_fault_crest,R3_B_fault_mag,R3_B_fault_ang,R3_B_fault_rms,R3_B_fault_peak,R3_B_fault_crest,R3_C_fault_mag,R3_C_fault_ang,R3_C_fault_rms,R3_C_fault_peak,R3_C_fault_crest,RE_A_fault_mag,RE_A_fault_ang,RE_A_fault_rms,RE_A_fault_peak,RE_A_fault_crest,RE_B_fault_mag,RE_B_fault_ang,RE_B_fault_rms,RE_B_fault_peak,RE_B_fault_crest,RE_C_fault_mag,RE_C_fault_ang,RE_C_fault_rms,RE_C_fault_peak,RE_C_fault_crest,SE_A_fault_mag,SE_A_fault_ang,SE_A_fault_rms,SE_A_fault_peak,SE_A_fault_crest,SE_B_fault_mag,SE_B_fault_ang,SE_B_fault_rms,SE_B_fault_peak,SE_B_fault_crest,SE_C_fault_mag,SE_C_fault_ang,SE_C_fault_rms,SE_C_fault_peak,SE_C_fault_crest,V_R1_A_fault_mag,V_R1_A_fault_ang,V_R1_B_fault_mag,V_R1_B_fault_ang,V_R1_C_fault_mag,V_R1_C_fault_ang,V_R2_A_fault_mag,V_R2_A_fault_ang,V_R2_B_fault_mag,V_R2_B_fault_ang,V_R2_C_fault_mag,V_R2_C_fault_ang,V_R3_A_fault_mag,V_R3_A_fault_ang,V_R3_B_fault_mag,V_R3_B_fault_ang,V_R3_C_fault_mag,V_R3_C_fault_ang,V_RE_A_fault_mag,V_RE_A_fault_ang,V_RE_B_fault_mag,V_RE_B_fault_ang,V_RE_C_fault_mag,V_RE_C_fault_ang,V_SE_A_fault_mag,V_SE_A_fault_ang,V_SE_B_fault_mag,V_SE_B_fault_ang,V_SE_C_fault_mag,V_SE_C_fault_ang,R1_fault_I0,R1_fault_I1,R1_fault_I2,R2_fault_I0,R2_fault_I1,R2_fault_I2,R1_fault_rms_std,R1_fault_rms_max,R1_fault_rms_min,R1_fault_rms_ratio,R2_fault_rms_std,R2_fault_rms_max,R2_fault_rms_min,R2_fault_rms_ratio
1,25,AG,LG,2430.1181225356268,-115.98729723729183,1718.5233181497392,2449.982263193069,1.4256322491049236,2432.3532327856547,124.05171297966672,1719.965541173526,2432.4439389547524,1.414239925583105,2432.6847657695757,4.045591058250932,1720.0827571610373,2432.443895667241,1.4141435262579702,1121.1173071765602,-176.5577862404592,792.9914987514161,1144.29019649027,1.4430043680064442,1120.9307967117513,63.57286972004392,792.6416996984699,1120.9984961899147,1.4142562731892045,1120.9549772184246,-56.41728413881059,792.6502480295402,1120.9984773240872,1.4142409973513441,3383.893125679571,-129.70884690098038,2393.1433508840946,3422.737488598978,1.4302266879811116,3387.3958329237926,110.35958011397443,2395.341335165612,3387.652458639614,1.4142671062808652,3387.972302591814,-9.642264680225654,2395.545148338058,3387.6525805100664,1.4141468311963548,4444.563788957688,-137.16074187090257,3143.3708093140876,4501.83956444571,1.4321694249709127,4448.975238664898,102.92398771165512,3146.0421172729766,4449.375631816683,1.414277198448141,4449.743790110954,-17.075293461994494,3146.313840233765,4449.375494484996,1.4141550145405761,1121.119135128165,-176.55757885741403,792.9927914158825,1144.291804139932,1.4430040430718265,1120.9326325372906,63.573077069443954,792.6429980909659,1121.0003297165108,1.414256269741074,1120.9568160873332,-56.41707679821804,792.6515480671225,1121.0003111133433,1.4142409913244955,1121.1222896795337,-176.55743919245634,1120.9357926116297,63.57321675977248,1120.959977169086,-56.41693711391698,1121.1176610107357,-176.55769156478542,1120.9311544641891,63.57296440201426,1120.955335861336,-56.41718946090404,4444.563788957688,-137.16074187090257,4448.975238664898,102.92398771165512,4449.743790110954,-17.075293461994494,1765.8896110382593,-88.95178391983396,1766.0833458241075,151.0527457736019,1766.0721606170089,31.04282994478658,1121.1222896795337,-176.55743919245634,1120.9357926116297,63.57321675977248,1120.959977169086,-56.41693711391698,0.8345195069315378,2431.718598385701,1.0635871849074965,0.8773206147965679,1121.000326806094,0.8983774130629681,0.7091150093232084,1720.0827571610373,1718.5233181497392,1.0009074296489482,0.16291937562520584,792.9914987514161,792.6416996984699,1.0004413079113543
1,25,BC,LL,0.0,0.0,0.0,0.0,0.0,0.0,0.0,0.0,0.0,0.0,0.0,0.0,0.0,0.0,0.0,0.0,0.0,0.0,0.0,0.0,0.0,0.0,0.0,0.0,0.0,0.0,0.0,0.0,0.0,0.0,0.0,0.0,0.0,0.0,0.0,0.0,0.0,0.0,0.0,0.0,0.0,0.0,0.0,0.0,0.0,0.0,0.0,0.0,0.0,0.0,0.0,0.0,0.0,0.0,0.0,0.0,0.0,0.0,0.0,0.0,0.0,0.0,0.0,0.0,0.0,0.0,0.0,0.0,0.0,0.0,0.0,0.0,0.0,0.0,0.0,0.0,0.0,0.0,0.0,0.0,0.0,0.0,0.0,0.0,0.0,0.0,0.0,0.0,0.0,0.0,0.0,0.0,0.0,0.0,0.0,0.0,0.0,0.0,0.0,0.0,0.0,0.0,0.0,0.0,0.0,0.0,0.0,0.0,0.0,0.0,0.0,0.0,0.0,0.0,0.0,0.0,0.0,0.0,0.0
1,25,ABC,LLG,0.0,0.0,0.0,0.0,0.0,0.0,0.0,0.0,0.0,0.0,0.0,0.0,0.0,0.0,0.0,0.0,0.0,0.0,0.0,0.0,0.0,0.0,0.0,0.0,0.0,0.0,0.0,0.0,0.0,0.0,0.0,0.0,0.0,0.0,0.0,0.0,0.0,0.0,0.0,0.0,0.0,0.0,0.0,0.0,0.0,0.0,0.0,0.0,0.0,0.0,0.0,0.0,0.0,0.0,0.0,0.0,0.0,0.0,0.0,0.0,0.0,0.0,0.0,0.0,0.0,0.0,0.0,0.0,0.0,0.0,0.0,0.0,0.0,0.0,0.0,0.0,0.0,0.0,0.0,0.0,0.0,0.0,0.0,0.0,0.0,0.0,0.0,0.0,0.0,0.0,0.0,0.0,0.0,0.0,0.0,0.0,0.0,0.0,0.0,0.0,0.0,0.0,0.0,0.0,0.0,0.0,0.0,0.0,0.0,0.0,0.0,0.0,0.0,0.0,0.0,0.0,0.0,0.0,0.0
1,25,ABC,LLL,0.0,0.0,0.0,0.0,0.0,0.0,0.0,0.0,0.0,0.0,0.0,0.0,0.0,0.0,0.0,0.0,0.0,0.0,0.0,0.0,0.0,0.0,0.0,0.0,0.0,0.0,0.0,0.0,0.0,0.0,0.0,0.0,0.0,0.0,0.0,0.0,0.0,0.0,0.0,0.0,0.0,0.0,0.0,0.0,0.0,0.0,0.0,0.0,0.0,0.0,0.0,0.0,0.0,0.0,0.0,0.0,0.0,0.0,0.0,0.0,0.0,0.0,0.0,0.0,0.0,0.0,0.0,0.0,0.0,0.0,0.0,0.0,0.0,0.0,0.0,0.0,0.0,0.0,0.0,0.0,0.0,0.0,0.0,0.0,0.0,0.0,0.0,0.0,0.0,0.0,0.0,0.0,0.0,0.0,0.0,0.0,0.0,0.0,0.0,0.0,0.0,0.0,0.0,0.0,0.0,0.0,0.0,0.0,0.0,0.0,0.0,0.0,0.0,0.0,0.0,0.0,0.0,0.0,0.0
1,25,ABC,LLLG,0.0,0.0,0.0,0.0,0.0,0.0,0.0,0.0,0.0,0.0,0.0,0.0,0.0,0.0,0.0,0.0,0.0,0.0,0.0,0.0,0.0,0.0,0.0,0.0,0.0,0.0,0.0,0.0,0.0,0.0,0.0,0.0,0.0,0.0,0.0,0.0,0.0,0.0,0.0,0.0,0.0,0.0,0.0,0.0,0.0,0.0,0.0,0.0,0.0,0.0,0.0,0.0,0.0,0.0,0.0,0.0,0.0,0.0,0.0,0.0,0.0,0.0,0.0,0.0,0.0,0.0,0.0,0.0,0.0,0.0,0.0,0.0,0.0,0.0,0.0,0.0,0.0,0.0,0.0,0.0,0.0,0.0,0.0,0.0,0.0,0.0,0.0,0.0,0.0,0.0,0.0,0.0,0.0,0.0,0.0,0.0,0.0,0.0,0.0,0.0,0.0,0.0,0.0,0.0,0.0,0.0,0.0,0.0,0.0,0.0,0.0,0.0,0.0,0.0,0.0,0.0,0.0,0.0,0.0
1,50,AG,LG,0.0,0.0,0.0,0.0,0.0,0.0,0.0,0.0,0.0,0.0,0.0,0.0,0.0,0.0,0.0,0.0,0.0,0.0,0.0,0.0,0.0,0.0,0.0,0.0,0.0,0.0,0.0,0.0,0.0,0.0,0.0,0.0,0.0,0.0,0.0,0.0,0.0,0.0,0.0,0.0,0.0,0.0,0.0,0.0,0.0,2430.338718629332,-115.98433963497871,1718.6567478619256,2448.207556851192,1.42448895621354,2432.3536443216267,124.05171427886768,1719.9658321752108,2432.444350025462,1.4142399253066509,2430.338718629332,-115.98433963497871,1718.6567478619256,2448.207556851192,1.42448895621354,0.0,0.0,0.0,0.0,0.0,0.0,0.0,0.0,0.0,0.0,0.0,0.0,0.0,0.0,0.0,0.0,0.0,0.0,0.0,0.0,0.0,0.0,0.0,0.0,0.0,0.0,0.0,0.0,0.0,0.0,0.0,0.0,0.0,1121.1212200674038,-176.54382489047003,1121.1212200674038,-176.54382489047003,1120.9570754173228,-56.417071626050074,0.0,0.0,0.0,0.0,0.0,0.0,0.0,0.0,0.0,0.0,0.0,0.0,0.0,0.0,0.0,0.0,0.0,0.0,0.0,0.0
1,50,BC,LL,0.0,0.0,0.0,0.0,0.0,0.0,0.0,0.0,0.0,0.0,0.0,0.0,0.0,0.0,0.0,0.0,0.0,0.0,0.0,0.0,0.0,0.0,0.0,0.0,0.0,0.0,0.0,0.0,0.0,0.0,0.0,0.0,0.0,0.0,0.0,0.0,0.0,0.0,0.0,0.0,0.0,0.0,0.0,0.0,0.0,2434.378850539437,-115.93020604063608,1721.5264411704493,2452.892734174828,1.4248359336886687,2434.4226008444352,124.02317619331191,1721.5364028253791,2454.278093830986,1.4256324117242214,2434.378850539437,-115.93020604063608,1721.5264411704493,2452.892734174828,1.4248359336886687,0.0,0.0,0.0,0.0,0.0,0.0,0.0,0.0,0.0,0.0,0.0,0.0,0.0,0.0,0.0,0.0,0.0,0.0,0.0,0.0,0.0,0.0,0.0,0.0,0.0,0.0,0.0,0.0,0.0,0.0,0.0,0.0,0.0,1121.1132129290463,-176.29410012791072,1121.1132129290463,-176.29410012791072,1120.9570743953939,-56.417071595209954,0.0,0.0,0.0,0.0,0.0,0.0,0.0,0.0,0.0,0.0,0.0,0.0,0.0,0.0,0.0,0.0,0.0,0.0,0.0,0.0
1,50,ABC,LLG,0.0,0.0,0.0,0.0,0.0,0.0,0.0,0.0,0.0,0.0,0.0,0.0,0.0,0.0,0.0,0.0,0.0,0.0,0.0,0.0,0.0,0.0,0.0,0.0,0.0,0.0,0.0,0.0,0.0,0.0,0.0,0.0,0.0,0.0,0.0,0.0,0.0,0.0,0.0,0.0,0.0,0.0,0.0,0.0,0.0,2430.3387278848554,-115.98433951112352,1718.6567534673848,2448.2074782544323,1.4244889058360148,2435.144265075403,124.01323529857751,1722.1347195122921,2461.8928549036227,1.429558806874778,2430.3387278848554,-115.98433951112352,1718.6567534673848,2448.2074782544323,1.4244889058360148,0.0,0.0,0.0,0.0,0.0,0.0,0.0,0.0,0.0,0.0,0.0,0.0,0.0,0.0,0.0,0.0,0.0,0.0,0.0,0.0,0.0,0.0,0.0,0.0,0.0,0.0,0.0,0.0,0.0,0.0,0.0,0.0,0.0,1121.1212200357197,-176.54382426542028,1121.1212200357197,-176.54382426542028,1120.9570752580587,-56.417071622275834,0.0,0.0,0.0,0.0,0.0,0.0,0.0,0.0,0.0,0.0,0.0,0.0,0.0,0.0,0.0,0.0,0.0,0.0,0.0,0.0
1,50,ABC,LLL,0.0,0.0,0.0,0.0,0.0,0.0,0.0,0.0,0.0,0.0,0.0,0.0,0.0,0.0,0.0,0.0,0.0,0.0,0.0,0.0,0.0,0.0,0.0,0.0,0.0,0.0,0.0,0.0,0.0,0.0,0.0,0.0,0.0,0.0,0.0,0.0,0.0,0.0,0.0,0.0,0.0,0.0,0.0,0.0,0.0,2430.331897653128,-115.9844312859978,1718.6525875636103,2448.262573686795,1.4245244160470452,2433.975414281742,124.02933965161365,1721.1787466062592,2449.559718924032,1.4231872917057342,2430.331897653128,-115.9844312859978,1718.6525875636103,2448.262573686795,1.4245244160470452,0.0,0.0,0.0,0.0,0.0,0.0,0.0,0.0,0.0,0.0,0.0,0.0,0.0,0.0,0.0,0.0,0.0,0.0,0.0,0.0,0.0,0.0,0.0,0.0,0.0,0.0,0.0,0.0,0.0,0.0,0.0,0.0,0.0,1121.1212516358942,-176.54424682832766,1121.1212516358942,-176.54424682832766,1124.7297439415245,-56.527558332139726,0.0,0.0,0.0,0.0,0.0,0.0,0.0,0.0,0.0,0.0,0.0,0.0,0.0,0.0,0.0,0.0,0.0,0.0,0.0,0.0
1,50,ABC,LLLG,0.0,0.0,0.0,0.0,0.0,0.0,0.0,0.0,0.0,0.0,0.0,0.0,0.0,0.0,0.0,0.0,0.0,0.0,0.0,0.0,0.0,0.0,0.0,0.0,0.0,0.0,0.0,0.0,0.0,0.0,0.0,0.0,0.0,0.0,0.0,0.0,0.0,0.0,0.0,0.0,0.0,0.0,0.0,0.0,0.0,2430.331890263457,-115.9844313051572,1718.6525827608702,2448.2626056103395,1.4245244386026013,2435.1591470701624,124.0130303719607,1722.147332200415,2462.0498756330003,1.4296395143423648,2430.331890263457,-115.9844313051572,1718.6525827608702,2448.2626056103395,1.4245244386026013,0.0,0.0,0.0,0.0,0.0,0.0,0.0,0.0,0.0,0.0,0.0,0.0,0.0,0.0,0.0,0.0,0.0,0.0,0.0,0.0,0.0,0.0,0.0,0.0,0.0,0.0,0.0,0.0,0.0,0.0,0.0,0.0,0.0,1121.1212516370297,-176.5442470700052,1121.1212516370297,-176.5442470700052,1124.011539556753,-56.50659148891062,0.0,0.0,0.0,0.0,0.0,0.0,0.0,0.0,0.0,0.0,0.0,0.0,0.0,0.0,0.0,0.0,0.0,0.0,0.0,0.0
1,75,AG,LG,0.0,0.0,0.0,0.0,0.0,0.0,0.0,0.0,0.0,0.0,0.0,0.0,0.0,0.0,0.0,0.0,0.0,0.0,0.0,0.0,0.0,0.0,0.0,0.0,0.0,0.0,0.0,0.0,0.0,0.0,0.0,0.0,0.0,0.0,0.0,0.0,0.0,0.0,0.0,0.0,0.0,0.0,0.0,0.0,0.0,2430.550245953856,-115.98150448323997,1718.786956187993,2446.5060267644003,1.4233910828543737,2432.3540564483205,124.05171556039471,1719.966123594657,2432.4447617104606,1.4142399250438453,2430.550245953856,-115.98150448323997,1718.786956187993,2446.5060267644003,1.4233910828543737,0.0,0.0,0.0,0.0,0.0,0.0,0.0,0.0,0.0,0.0,0.0,0.0,0.0,0.0,0.0,0.0,0.0,0.0,0.0,0.0,0.0,0.0,0.0,0.0,0.0,0.0,0.0,0.0,0.0,0.0,0.0,0.0,0.0,1121.1202543574552,-176.53077182185856,1121.1202543574552,-176.53077182185856,1120.9573359546644,-56.4170665308805,0.0,0.0,0.0,0.0,0.0,0.0,0.0,0.0,0.0,0.0,0.0,0.0,0.0,0.0,0.0,0.0,0.0,0.0,0.0,0.0
1,75,BC,LL,0.0,0.0,0.0,0.0,0.0,0.0,0.0,0.0,0.0,0.0,0.0,0.0,0.0,0.0,0.0,0.0,0.0,0.0,0.0,0.0,0.0,0.0,0.0,0.0,0.0,0.0,0.0,0.0,0.0,0.0,0.0,0.0,0.0,0.0,0.0,0.0,0.0,0.0,0.0,0.0,0.0,0.0,0.0,0.0,0.0,2434.2162502852966,-115.93238491881884,1721.39531090229,2451.294253851052,1.4240158773095395,2434.2612181965346,124.02540710988224,1721.4061339783118,2452.57126669331,1.424748766884672,2434.2162502852966,-115.93238491881884,1721.39531090229,2451.294253851052,1.4240158773095395,0.0,0.0,0.0,0.0,0.0,0.0,0.0,0.0,0.0,0.0,0.0,0.0,0.0,0.0,0.0,0.0,0.0,0.0,0.0,0.0,0.0,0.0,0.0,0.0,0.0,0.0,0.0,0.0,0.0,0.0,0.0,0.0,0.0,1121.113103949992,-176.30417288461024,1121.113103949992,-176.30417288461024,1120.9573350961084,-56.41706650509338,0.0,0.0,0.0,0.0,0.0,0.0,0.0,0.0,0.0,0.0,0.0,0.0,0.0,0.0,0.0,0.0,0.0,0.0,0.0,0.0
1,75,ABC,LLG,0.0,0.0,0.0,0.0,0.0,0.0,0.0,0.0,0.0,0.0,0.0,0.0,0.0,0.0,0.0,0.0,0.0,0.0,0.0,0.0,0.0,0.0,0.0,0.0,0.0,0.0,0.0,0.0,0.0,0.0,0.0,0.0,0.0,0.0,0.0,0.0,0.0,0.0,0.0,0.0,0.0,0.0,0.0,0.0,0.0,2430.550002007953,-115.98150775786556,1718.7868047536256,2446.5079894686864,1.423392350175375,2434.887684955086,124.01677584031096,1721.9189559609513,2459.1817603138666,1.4281634752905494,2430.550002007953,-115.98150775786556,1718.7868047536256,2446.5079894686864,1.423392350175375,0.0,0.0,0.0,0.0,0.0,0.0,0.0,0.0,0.0,0.0,0.0,0.0,0.0,0.0,0.0,0.0,0.0,0.0,0.0,0.0,0.0,0.0,0.0,0.0,0.0,0.0,0.0,0.0,0.0,0.0,0.0,0.0,0.0,1121.1202554272074,-176.53078685609358,1121.1202554272074,-176.53078685609358,1120.9573357895472,-56.41706652685086,0.0,0.0,0.0,0.0,0.0,0.0,0.0,0.0,0.0,0.0,0.0,0.0,0.0,0.0,0.0,0.0,0.0,0.0,0.0,0.0
1,75,ABC,LLL,0.0,0.0,0.0,0.0,0.0,0.0,0.0,0.0,0.0,0.0,0.0,0.0,0.0,0.0,0.0,0.0,0.0,0.0,0.0,0.0,0.0,0.0,0.0,0.0,0.0,0.0,0.0,0.0,0.0,0.0,0.0,0.0,0.0,0.0,0.0,0.0,0.0,0.0,0.0,0.0,0.0,0.0,0.0,0.0,0.0,2430.543861335441,-115.98159019638207,1718.7829948351575,2446.557507769116,1.4234243154143824,2433.819724523584,124.03149301759792,1721.0565480611685,2447.9128956630284,1.4223314733154406,2430.543861335441,-115.98159019638207,1718.7829948351575,2446.557507769116,1.4234243154143824,0.0,0.0,0.0,0.0,0.0,0.0,0.0,0.0,0.0,0.0,0.0,0.0,0.0,0.0,0.0,0.0,0.0,0.0,0.0,0.0,0.0,0.0,0.0,0.0,0.0,0.0,0.0,0.0,0.0,0.0,0.0,0.0,0.0,1121.1202820994365,-176.53116665548038,1121.1202820994365,-176.53116665548038,1124.3428955793559,-56.5162560723927,0.0,0.0,0.0,0.0,0.0,0.0,0.0,0.0,0.0,0.0,0.0,0.0,0.0,0.0,0.0,0.0,0.0,0.0,0.0,0.0
1,75,ABC,LLLG,0.0,0.0,0.0,0.0,0.0,0.0,0.0,0.0,0.0,0.0,0.0,0.0,0.0,0.0,0.0,0.0,0.0,0.0,0.0,0.0,0.0,0.0,0.0,0.0,0.0,0.0,0.0,0.0,0.0,0.0,0.0,0.0,0.0,0.0,0.0,0.0,0.0,0.0,0.0,0.0,0.0,0.0,0.0,0.0,0.0,2430.5438563561142,-115.9815902456601,1718.7829916396474,2446.557536733626,1.4234243349125255,2434.9019209251537,124.0165797610564,1721.9308378101446,2459.3319701589235,1.4282408539047737,2430.5438563561142,-115.9815902456601,1718.7829916396474,2446.557536733626,1.4234243349125255,0.0,0.0,0.0,0.0,0.0,0.0,0.0,0.0,0.0,0.0,0.0,0.0,0.0,0.0,0.0,0.0,0.0,0.0,0.0,0.0,0.0,0.0,0.0,0.0,0.0,0.0,0.0,0.0,0.0,0.0,0.0,0.0,0.0,1121.1202821351335,-176.53116686221716,1121.1202821351335,-176.53116686221716,1123.68721557496,-56.49710041850023,0.0,0.0,0.0,0.0,0.0,0.0,0.0,0.0,0.0,0.0,0.0,0.0,0.0,0.0,0.0,0.0,0.0,0.0,0.0,0.0
2,25,AG,LG,2430.9489197500247,-115.97614533629476,1719.0382751393258,2443.284637,1.421309037928184,2432.353222964411,124.0517134780121,1719.96553422734,2432.443932,1.414239927251058,2432.684755927019,4.045591582499053,1720.0827502018649,2432.443889,1.4141435281032464,1121.1136658295145,-176.50642044527552,792.8151888810085,1134.561465,1.4310541484470516,1120.930787541388,63.57287035668446,792.6416932145498,1120.99849,1.4142562769487972,1120.954967031578,-56.4172835024089,792.650240825401,1120.998471,1.4142410022265106,3385.3031952222036,-129.68628851972045,2393.925686717925,3409.338001,1.4241620029877395,3387.3947254850686,110.35956953564505,2395.3405520873494,3387.651362,1.4142671108072422,3387.971193739955,-9.642275211414766,2395.544364312929,3387.651484,1.4141468362960665,4446.413897241477,-137.1315025312126,3144.307463609813,4481.805832,1.4253713683758762,4448.97644229849,102.92398707777608,3146.0429684102655,4449.376851,1.414277203355657,4449.744991803606,-17.07529405635876,3146.314689925468,4449.376713,1.4141550199180488,1121.1160577091284,-176.50620411693058,792.816880315793,1134.563623,1.4310538173053067,1120.933184537845,63.57308672860008,792.6433884367362,1121.000887,1.4142562763449722,1120.957365680625,-56.41706713981535,792.6519366834948,1121.000869,1.4142410017823681,1121.118654400579,-176.50607341279417,1120.9357833953861,63.57321739514762,1120.9599670132184,-56.416936478744454,1121.114021320647,-176.50632577713858,1120.9311453334415,63.57296503997673,1120.9553256199965,-56.41718882317781,4446.413897241477,-137.1315025312126,4448.97644229849,102.92398707777608,4449.744991803606,-17.07529405635876,1765.8603681339432,-88.95182711840997,1766.0833378389543,151.05274604489998,1766.072153604435,31.04283023742025,1121.118654400579,-176.50607341279417,1120.9357833953861,63.57321739514762,1120.9599670132184,-56.416936478744454,0.5158388929268635,2431.995579960185,0.7466172481384946,0.5422953595181887,1120.9995349459946,0.5674446915270255,0.4671993575498064,1720.0827502018649,1719.0382751393258,1.000607592674139,0.07984823728649645,792.8151888810085,792.6416932145498,1.0002188828419496
2,25,BC,LL,0.0,0.0,0.0,0.0,0.0,0.0,0.0,0.0,0.0,0.0,0.0,0.0,0.0,0.0,0.0,0.0,0.0,0.0,0.0,0.0,0.0,0.0,0.0,0.0,0.0,0.0,0.0,0.0,0.0,0.0,0.0,0.0,0.0,0.0,0.0,0.0,0.0,0.0,0.0,0.0,0.0,0.0,0.0,0.0,0.0,0.0,0.0,0.0,0.0,0.0,0.0,0.0,0.0,0.0,0.0,0.0,0.0,0.0,0.0,0.0,0.0,0.0,0.0,0.0,0.0,0.0,0.0,0.0,0.0,0.0,0.0,0.0,0.0,0.0,0.0,0.0,0.0,0.0,0.0,0.0,0.0,0.0,0.0,0.0,0.0,0.0,0.0,0.0,0.0,0.0,0.0,0.0,0.0,0.0,0.0,0.0,0.0,0.0,0.0,0.0,0.0,0.0,0.0,0.0,0.0,0.0,0.0,0.0,0.0,0.0,0.0,0.0,0.0,0.0,0.0,0.0,0.0,0.0,0.0
2,25,ABC,LLG,2430.948313622203,-115.97615346954207,1719.037886895383,2443.289515940185,1.421312197110917,2434.397019972354,124.02352208419082,1721.5157192133952,2454.0124580387487,1.4254952369299596,2432.684755910181,4.045591633910201,1720.0827501899812,2432.443901996875,1.4141435356689753,1121.1136681836306,-176.50645792599363,792.8152873158731,1134.568557058215,1.431062916179845,1123.0858043053695,63.63658577009981,794.4168928623303,1142.2238833572312,1.43781419254786,1120.9549648939126,-56.41728344185215,792.650239313737,1120.9984840682455,1.414241021410385,3385.3021655665516,-129.686304978726,2393.9250781560645,3409.347761999019,1.424166442428971,3392.002374700415,110.33624364205387,2398.909241796577,3430.798776362677,1.4301494681780054,3387.971192648559,-9.642275138707681,2395.544363541132,3387.6515091594324,1.4141468472542715,4446.412548676264,-137.13152384506762,3144.3067167471563,4481.8204206653545,1.4253763466503933,4456.133383662614,102.90900220549905,3151.6409205684754,4513.896982397048,1.4322370778149616,4449.744989697398,-17.075293988443182,3146.314688436006,4449.37674297784,1.4141550301154302,1121.116060064968,-176.50624159076156,792.8169787342448,1134.570713963084,1.431062583667745,1123.0882099873977,63.63680170833694,794.4185945989447,1142.2263249340172,1.4378141859968172,1120.9573636605141,-56.417067082615596,792.6519352549601,1121.000881065324,1.4142410195526096,1121.1186567497723,-176.5061108174863,1123.090815217385,63.63693208038433,1120.959966173554,-56.416936456173545,1121.1140236765168,-176.50636325105506,1123.0861645137468,63.636680261730874,1120.9553236063707,-56.417188765989465,4446.412548676264,-137.13152384506762,4456.133383662614,102.90900220549905,4449.744989697398,-17.075293988443182,1765.8603894929136,-88.9518270866444,1766.0442494307827,151.0547273686471,1766.0721535621503,31.042830234627818,1121.1186567497723,-176.5061108174863,1123.090815217385,63.63693208038433,1120.959966173554,-56.416936456173545,1.3056312854697096,2432.67665697838,0.6855044402082856,1.3725946276822814,1121.7175512214326,0.6239492631908392,1.0156985840432908,1721.5157192133952,1719.037886895383,1.0014414064616617,0.7967605195909213,794.4168928623303,792.650239313737,1.0022287933075285
2,25,ABC,LLL,2430.9434454276343,-115.9762187649986,1719.03476980085,2443.32877006347,1.4213376093297574,2433.5311010401565,124.03545948429021,1720.8333396950743,2444.875120014172,1.4207506698164014,2432.6676217137688,3.9768426192362916,1720.230029976985,2454.6353350738004,1.4269227325991054,1121.1136867937648,-176.5067588862688,792.8160801792715,1134.62556909222,1.431133395825749,1122.1726691316917,63.60962281842434,793.6034451587103,1133.2317644181078,1.427957213809066,1123.6160632616372,-56.49530586301573,794.9134208438725,1148.9278310692555,1.44534964556211,3385.2938933679197,-129.68643716580578,2393.920192064428,3409.426283792069,1.4242021497182435,3390.0502926167574,110.34611783296513,2397.3216066884597,3412.519629473212,1.4234717694748915,3389.341423370215,-9.739781313400364,2396.9851416616307,3444.426491861763,1.4369828298034542,4446.401709707042,-137.13169509611964,3144.300719408981,4481.937853225147,1.4254164131182703,4453.101334094989,102.91534460921513,3149.138367185738,4486.56328057471,1.4246955063407316,4452.918720178069,-17.182812486691187,3149.375185587406,4534.275133783195,1.4397380009004814,1121.1160786537037,-176.50654256234517,792.8177716131927,1134.627728257696,1.431133065986907,1122.175071276681,63.60983894448595,793.6051441604299,1133.2341881232776,1.4279572107891865,1123.618461133709,-56.49508999223658,794.9151167904214,1148.9302881816277,1.4453496529548853,1121.1186753321945,-176.5064119035444,1122.1776752557435,63.60996948378126,1123.6210640148274,-56.494959607154016,1121.114042277611,-176.50666422269055,1122.1730284635264,63.60971739543904,1123.6164198336949,-56.49521139771339,4446.401709707042,-137.13169509611964,4453.101334094989,102.91534460921513,4452.918720178069,-17.182812486691187,1765.8605606503843,-88.95182680316823,1766.060809128914,151.0538879727105,1766.1132324714179,31.045404696015197,1121.1186753321945,-176.5064119035444,1122.1776752557435,63.60996948378126,1123.6210640148274,-56.494959607154016,1.2553926799410302e-06,2432.380484944423,1.5211526788038765,8.328979559736364e-07,1122.3003376186625,1.45054301785425,0.7474016597523707,1720.8333396950743,1719.03476980085,1.0010462673157174,0.8650509150045443,794.9134208438725,792.8160801792715,1.0026454315408522
2,25,ABC,LLLG,2430.943441666127,-115.97621883599872,1719.0347673601364,2443.328795907674,1.4213376263819326,2434.4102153253502,124.02334025147302,1721.5264085221927,2454.15170069168,1.4255672689903107,2432.6707640437676,3.9905698995385785,1720.1749513698321,2448.993729386073,1.4236887517957744,1121.1136868208955,-176.5067591136276,792.8160807368241,1134.625609079682,1.4311334452565445,1123.0997201274436,63.636996276866654,794.4299843893427,1142.360910674433,1.4379629836763217,1123.0845518569217,-56.4797565621083,794.400606193137,1143.3509833440476,1.4392624759227244,3385.293889153427,-129.68643726257338,2393.92018973309,3409.426337603187,1.4242021735834565,3392.0321205705272,110.33609326956972,2398.934294117104,3431.077328837032,1.4302506480694563,3389.067043536148,-9.720318422743965,2396.6215496811383,3433.089906920014,1.432470599030028,4446.40170303654,-137.13169523991596,3144.300715749289,4481.937927102673,1.4254164382730243,4456.179586289892,102.90890562564095,3151.680541668079,4514.313514385284,1.4323512344293654,4452.283764682804,-17.16135637979211,3148.632896102879,4517.32327501123,1.4346935397271636,1121.1160786803039,-176.5065427850533,792.8177721583153,1134.627767365054,1.4311331143299395,1123.1021259800377,63.63721221568576,794.4316862783425,1142.3633536321368,1.437962978269085,1123.0869499454961,-56.47954059510236,794.4023020815839,1143.3534306741606,1.439262484106875,1121.118675355889,-176.5064120794271,1123.1047324052304,63.637342619882155,1123.089553158345,-56.47941017375753,1121.1140423044642,-176.50666444537626,1123.1000804658622,63.637090770639844,1123.084908895437,-56.47966205601072,4446.40170303654,-137.13169523991596,4456.179586289892,102.90890562564095,4452.283764682804,-17.16135637979211,1765.860560893367,-88.95182683153028,1766.0439971220292,151.0547401583235,1766.1050294765023,31.04489066475128,1121.118675355889,-176.5064120794271,1123.1047324052304,63.637342619882155,1123.089553158345,-56.47941017375753,0.5338743130220048,2432.6747173853655,1.4676977444355626,0.56125553231794,1122.4319875439899,1.431285899095784,1.0184264382470927,1721.5264085221927,1719.0347673601364,1.0014494419830047,0.7539723690581835,794.4299843893427,792.8160807368241,1.0020356595832651
2,50,AG,LG,2431.1404512029653,-115.97358032089066,1719.1618786338447,2441.7445322102826,1.4203110030282011,2432.353639602608,124.05171452724343,1719.9658288376068,2432.4443475395065,1.4142399266056405,2432.6851724676812,4.045592635081455,1720.0830447264593,2432.4443043156966,1.4141435274147025,1121.1132220180698,-176.49460059527829,792.7865101090384,1132.3239414363818,1.4282835631002904,1120.9310514547085,63.57287521225551,792.6418798404366,1120.9987522864851,1.4142562748667138,1120.9552314091266,-56.417278646434596,792.6504277659956,1120.9987334355235,1.4142409997745717,3385.6291719479036,-129.6810929978638,2394.1211515715745,3406.2575380038083,1.422759051173261,3387.3960307448333,110.35957641316516,2395.3414750616034,3387.652664796068,1.414267109748494,3387.9724998833453,-9.642268345975426,2395.5452878427172,3387.6527868496937,1.4141468349781892,4446.840572645549,-137.1247726805948,3144.548541620199,4477.198663025902,1.423796962828587,4448.977670826978,102.92399461669501,3146.043837132136,4449.378075825969,1.4142772021517422,4449.74622160781,-17.075286530369958,3146.3155594691843,4449.377939024543,1.414155018759529,1121.1153346077945,-176.49438876960767,792.7880040017849,1132.325817972372,1.428283238717904,1120.9331682385464,63.573087084032984,792.6433769114358,1121.0008691698322,1.4142562744141678,1120.9573497937156,-56.417066783786986,792.6519254490814,1121.0008512658433,1.4142409994534915,1121.1179318253628,-176.49425807354294,1120.9357672180283,63.573217753813836,1120.9599510233875,-56.416936119530945,1121.113577894722,-176.49450592899376,1120.931409265046,63.5729698959263,1120.9555899943334,-56.41718396683756,4446.840572645549,-137.1247726805948,4448.977670826978,102.92399461669501,4449.74622160781,-17.075286530369958,1765.853846938768,-88.95183462087229,1766.0835413982231,151.05274855374682,1766.0723564903622,31.04283276577912,1121.1179318253628,-176.49425807354294,1120.9357672180283,63.573217753813836,1120.9599510233875,-56.416936119530945,0.442536093057902,2432.0597114258485,0.6739363453905962,0.46523317788441326,1120.9996333161178,0.4921084725204147,0.40941997792424456,1720.0830447264593,1719.1618786338447,1.0005358227774028,0.06625656002343079,792.7865101090384,792.6418798404366,1.000182466095068
2,50,BC,LL,2433.7245922444563,-115.93895789054729,1721.0069089846918,2446.475307810977,1.421537179798003,2433.7732244626986,124.03212741791232,1721.0203244896795,2447.425937486953,1.4220784627936738,2432.685172055406,4.045592634361129,1720.0830444349506,2432.4443013709088,1.4141435259423591,1121.1083310314377,-176.3348733509564,792.825456689717,1134.8063621453257,1.4313445066250534,1122.4278064605244,63.61715867821416,793.8216333087801,1135.741881532249,1.430726795386375,1120.9552320696835,-56.41727866584038,792.6504282331138,1120.9987305165012,1.4142409952585329,3390.0211123904783,-129.61104586269045,2397.2791997750096,3415.721233456165,1.4248324658123837,3390.5965037161436,110.34336723985572,2397.7545111902123,3417.6229850050736,1.4253431571310495,3387.97249894864,-9.642268347770209,2395.5452871818143,3387.652780625712,1.4141468327701874,4452.598162028767,-137.03402043155086,3148.7105089918414,4491.35021578186,1.4264093834462754,4453.948941551941,102.91358082872098,3149.818453515096,4494.193972411255,1.4268104777263844,4449.746220466375,-17.075286528582897,3146.315558662096,4449.377934360282,1.4141550176398343,1121.110455167062,-176.33466156530486,792.8269588158108,1134.8085068954326,1.431344499927721,1122.4299289934604,63.61737025908617,793.8231346176107,1135.744026096403,1.430726791105046,1120.957350388927,-56.41706680127489,792.6519258699898,1121.0008489101706,1.4142409957306235,1121.1130595028262,-176.3345309303573,1122.4325338639592,63.61750076771986,1120.9599509602594,-56.41693611766312,1121.1086920702303,-176.33477870471106,1122.4281660907766,63.61725323294594,1120.9555905895863,-56.41718398432488,4452.598162028767,-137.03402043155086,4453.948941551941,102.91358082872098,4449.746220466375,-17.075286528582897,1765.7629357527965,-88.95196993741305,1766.056390061518,151.05412481113467,1766.0723565512149,31.042832763754806,1121.1130595028262,-176.3345309303573,1122.4325338639592,63.61750076771986,1120.9599509602594,-56.41693611766312,4.6024438589176843e-07,2433.3942778545756,0.7096616729555185,2.613044756263395e-07,1121.4969282055629,0.9350587750825986,0.43871017806435203,1721.0203244896795,1720.0830444349506,1.000544903955516,0.5158298757294223,793.8216333087801,792.6504282331138,1.0014775808274992
2,50,ABC,LLG,2431.139777005616,-115.97358936579764,1719.1614404098996,2441.749960128064,1.4203145223789322,2434.1618298789767,124.02677018155367,1721.326623310036,2451.526743576544,1.424207765323681,2432.6851724485673,4.045592679663765,1720.0830447129626,2432.4443153609413,1.4141435338471424,1121.1132244636535,-176.49464228231778,792.7866041994032,1132.3318305275134,1.4282933446775383,1122.8376014948321,63.6292589758855,794.1868405097117,1139.777533293135,1.4351503640649876,1120.9552295564279,-56.41727859387042,792.6504264558475,1120.9987450177705,1.4142410167241772,3385.628026579267,-129.68111130105387,2394.1204557180095,3406.268396647381,1.4227640002456865,3391.472554208754,110.33893592301378,2398.467190030458,3425.826606807345,1.428339991911184,3387.972498936889,-9.642268282983165,2395.5452871734165,3387.6528088289992,1.4141468445483674,4446.839072296502,-137.1247963849075,3144.54767799096,4477.214894748588,1.4238025157274972,4455.309657341387,102.91073449958985,3150.9418621560153,4506.461292419068,1.4301949986901838,4449.746219780187,-17.075286471684382,3146.315558176733,4449.377964912629,1.4141550275685035,1121.1153370501002,-176.4944304505512,792.7880980764671,1132.333705924813,1.428293018868701,1122.8397254140814,63.62947047173879,794.1883428713293,1139.779685493326,1.4351503591358907,1120.9573480441643,-56.4170667342551,792.651924211875,1121.0008619584594,1.4142410151505758,1121.1179342622709,-176.49429969318993,1122.8423300209156,63.62960088095109,1120.9599503134177,-56.41693610056364,1121.1135803386067,-176.49454760994794,1122.8379614367366,63.62935348988727,1120.9555882447835,-56.41718391730584,4446.839072296502,-137.1247963849075,4455.309657341387,102.91073449958985,4449.746219780187,-17.075286471684382,1765.8538706918691,-88.95183458549016,1766.0489578818408,151.05450151054123,1766.0723564508994,31.042832763268354,1121.1179342622709,-176.49429969318993,1122.8423300209156,63.62960088095109,1120.9599503134177,-56.41693610056364,1.1413465674156782,2432.6622300392496,0.6036652601991103,1.1998843311305125,1121.6349056500023,0.5367131973664037,0.8871840100732208,1721.326623310036,1719.1614404098996,1.0012594412887834,0.694404160850443,794.1868405097117,792.6504264558475,1.0019383248940317
2,50,ABC,LLL,2431.1355033886225,-115.97364666214204,1719.1586634287921,2441.784418154749,1.4203368601736324,2433.3978370483023,124.03730434669276,1720.7316396704496,2443.464820130146,1.4200150469704345,2432.6700475936045,3.985686193868227,1720.1933777428776,2451.00163971462,1.4248407600142374,1121.1132397242845,-176.49490647925649,792.7872023055621,1132.381878472012,1.4283553962259354,1122.0319760199895,63.605460933201755,793.4860761536694,1131.843733283442,1.4264191487390951,1123.2739422251675,-56.485286524584446,794.5797990758338,1145.3356835023635,1.4414356932236254,3385.620765215883,-129.6812273014999,2394.1160465345397,3406.33732813915,1.4227954125572948,3389.7502229517067,110.34765023159804,2397.0873318924114,3409.698811266313,1.4224341207353854,3389.1659399682912,-9.727237647702115,2396.747514205019,3437.1251391459377,1.4340789418888804,4446.829556046295,-137.1249466788436,3144.5422043370218,4477.317983100729,1.4238377773799678,4452.634446251494,102.91633214791278,3148.7700097592483,4482.344373498044,1.4235223149374314,4452.510866615669,-17.16898455361152,3148.8904050982474,4523.35657903109,1.4364922233265083,1121.1153522921352,-176.4946946573818,792.7886961923514,1132.3837558334487,1.4283550727604,1122.0340970506527,63.605672591423364,793.4875763210932,1131.845871387033,1.4264191465160627,1123.27605946664,-56.48507508176757,794.5812963653237,1145.3378474388808,1.4414357003846339,1121.1179494983342,-176.4945640000902,1122.0367005375892,63.60580314778169,1123.2786620500367,-56.4849446582823,1121.1135955909526,-176.49481181681907,1122.0323351866534,63.60555552250096,1123.274299047126,-56.48519203152574,4446.829556046295,-137.1249466788436,4452.634446251494,102.91633214791278,4452.510866615669,-17.16898455361152,1765.8540217933378,-88.95183434781644,1766.0635696173586,151.053760907968,1766.108152451717,31.045076077918353,1121.1179494983342,-176.4945640000902,1122.0367005375892,63.60580314778169,1123.2786620500367,-56.4849446582823,4.177950799539162e-07,2432.400946621916,1.3334498497635943,6.588213471981026e-07,1122.1393699299638,1.2522164380736656,0.6527390044408291,1720.7316396704496,1719.1586634287921,1.0009149686268748,0.7377185300961011,794.5797990758338,792.7872023055621,1.0022611323253685
2,50,ABC,LLLG,2431.1355002345776,-115.97364673622585,1719.1586613542213,2441.784439526428,1.4203368743190796,2434.1746169761504,124.02659393476533,1721.3368307806923,2451.6616823291697,1.4242777116534753,2432.6728935725296,3.9978081304759607,1720.1513639625714,2446.019780073262,1.4219793858364693,1121.1132397557155,-176.49490666881744,792.7872027112185,1132.3819117068308,1.4283554374165566,1122.851086229114,63.62965697162018,794.1991655613131,1139.9103251211327,1.4352952943679849,1122.8046304977777,-56.471548001867,794.1426426157782,1140.4110430031417,1.436027965009927,3385.6207608203426,-129.68122739906764,2394.116043887649,3406.337371804197,1.4227954323687952,3391.5013803138513,110.3387901525656,2398.4910209522886,3426.096549258627,1.4284383469979978,3388.9238510062987,-9.710049212406307,2396.4460237051576,3427.1145370914214,1.4300820895572444,4446.829550496646,-137.12494680840138,3144.54220116131,4477.318043985127,1.4238377981798462,4455.354431653256,102.91064087036774,3150.9794858900095,4506.864948451629,1.4303060266286194,4451.950489897955,-17.150034456669456,3148.2687546398597,4508.387131588951,1.4320210512347697,1121.1153523232047,-176.49469484283475,792.7886965886139,1132.383788290848,1.428355112987255,1122.8532102982185,63.62986846775383,794.2006680531091,1139.9124785135268,1.4352952904306795,1122.8067480255459,-56.471336475813104,794.1441399707434,1140.41319690511,1.436027969616603,1121.1179495270023,-176.4945641441774,1122.8558159470854,63.62999890470713,1122.809350902537,-56.47120602030646,1121.1135956224616,-176.49481200225017,1122.851446285512,63.6297514873588,1122.8049877319688,-56.471453472766974,4446.829550496646,-137.12494680840138,4455.354431653256,102.91064087036774,4451.950489897955,-17.150034456669456,1765.8540211489105,-88.9518343615391,1766.0487133683635,151.05451390494343,1766.1009087886316,31.044622164314784,1121.1179495270023,-176.4945641441774,1122.8558159470854,63.62999890470713,1122.809350902537,-56.47120602030646,0.4716309914752945,2432.6609359334507,1.2830428873582136,0.49582019807156164,1122.2558192060292,1.2366258279890343,0.8903939262985113,1721.3368307806923,1719.1586613542213,1.0012669973257473,0.652691118736033,794.1991655613131,792.7872027112185,1.0017810111531391
2,75,AG,LG,2431.328888832989,-115.97105732591967,1719.2852547032753,2440.229406647551,1.4193278282193496,2432.3540564810282,124.05171554983552,1719.9661236178147,2432.4447630160093,1.4142399257838587,2432.685590057473,4.045593631170711,1720.0833399928383,2432.444720541006,1.4141435266451297,1121.112837443228,-176.48297230842027,792.7625666838368,1130.1226907048265,1.4255500173679783,1120.9313165791766,63.57287998954122,792.6420673226734,1120.9990159806368,1.4142562730326222,1120.9554969948415,-56.41727386886167,792.6506155610095,1120.998997455671,1.4142409977973314,3385.9497625731747,-129.67598210009243,2394.3186129578735,3403.226873716103,1.421375941906016,3387.3971866930588,110.35958377871748,2395.342292451324,3387.6538178642923,1.414267108521457,3387.9736562277894,-9.642260982384219,2395.546105452966,3387.65394029186,1.414146833818212,4447.260258438702,-137.11815298501986,3144.794721672487,4472.666036692112,1.4222441947859248,4448.978749110702,102.92400224333878,3146.0445996099224,4449.379150783812,1.4142772010719398,4449.747299606024,-17.07527889582164,3146.316321673962,4449.379013615868,1.414155017715646,1121.1146706893794,-176.4827649852343,792.7638630153492,1130.1242867304206,1.425549699543431,1120.9331531551982,63.57308736110295,792.6433662458813,1121.000852721447,1.4142562726926398,1120.9573351140436,-56.41706650623754,792.6519150684305,1121.0008351121628,1.4142409975952503,1121.1172684251633,-176.48263429698952,1120.9357522422338,63.57321803411595,1120.9599362369177,-56.41693583876796,1121.1131936958243,-176.4828776438895,1120.9316744002838,63.572974673515745,1120.9558555695505,-56.41717918896279,4447.260258438702,-137.11815298501986,4448.978749110702,102.92400224333878,4449.747299606024,-17.07527889582164,1765.8474347666781,-88.9518419998114,1766.0837455544392,151.05275105575126,1766.0725603138394,31.042835246797818,1121.1172684251633,-176.48263429698952,1120.9357522422338,63.57321803411595,1120.9599362369177,-56.41693583876796,0.3704216195151904,2432.1228108298387,0.6025816134923355,0.38941999474388406,1120.9997407629987,0.41860679866278805,0.3518620763210361,1720.0833399928383,1719.2852547032753,1.0004641959717735,0.05490013390159853,792.7625666838368,792.6420673226734,1.0001520224148215
2,75,BC,LL,2433.557778356179,-115.9411949089014,1720.877802522071,2444.83531678582,1.4206908318549618,2433.607658277559,124.0344172370412,1720.8921007368156,2445.67485189248,1.4211668766713161,2432.685590070871,4.045593631421454,1720.0833400023116,2432.4447182752488,1.4141435253201045,1121.1086493576754,-176.3452035102847,792.798941621472,1133.192310303093,1.429356487264516,1122.2530477498929,63.61199225059233,793.671360846173,1134.018482325783,1.4288262601749278,1120.955497567739,-56.417273885020904,792.6506159661376,1120.998994862309,1.4142409938027458,3389.7379423720013,-129.61556536067584,2397.045966324424,3412.440770399973,1.423602558457622,3390.223469391426,110.34526806219601,2397.457749041393,3414.1202772566794,1.424058579810965,3387.973656162567,-9.642260994832753,2395.5461054068655,3387.653935483583,1.4141468318382524,4452.226366534125,-137.03987773999756,3148.3905103293564,4486.444231917951,1.4249961106154583,4453.368807951794,102.91480474281045,3149.351176986627,4488.95545973027,1.4253588143909084,4449.74729938668,-17.075278910485657,3146.316321518915,4449.379009958018,1.4141550166227523,1121.1104923514376,-176.34499622090038,792.8002448985613,1133.1941665012305,1.4293564788772517,1122.2548890165262,63.612199370656235,793.6726631980599,1134.0203405402224,1.4288262568736465,1120.9573356323665,-56.417066520789476,792.6519154349656,1121.0008329904708,1.4142409942645815,1121.113096226724,-176.34486558438888,1122.2574932757886,63.61232990044755,1120.9599362041824,-56.416935837118224,1121.109010062948,-176.34510886295865,1122.2534071753973,63.61208682060082,1120.955856087739,-56.417179203511076,4452.226366534125,-137.03987773999756,4453.368807951794,102.91480474281045,4449.74729938668,-17.075278910485657,1765.7690204349115,-88.95195869861286,1766.0597666076496,151.053966407037,1766.0725609277156,31.04283522227584,1121.113096226724,-176.34486558438888,1122.2574932757886,63.61232990044755,1120.9599362041824,-56.416935837118224,2.424927887135801e-07,2433.2836387406264,0.5987417465425546,2.1852481104658944e-07,1121.43891534027,0.8189133387840081,0.3779284264870505,1720.8921007368156,1720.0833400023116,1.0004701869471644,0.45031296694346623,793.671360846173,792.6506159661376,1.001287761416537
2,75,ABC,LLG,2431.328286038406,-115.97106541143559,1719.2848572695134,2440.2342591423467,1.4193309787057689,2433.929980996773,124.02997293422838,1721.1429366702246,2449.076283448522,1.4229360219126133,2432.685590040495,4.045593669023659,1720.0833399808505,2432.444729825302,1.4141435320525704,1121.1128394810264,-176.48300957942214,792.7626372437797,1130.1297437609985,1.4255587872937006,1122.5929325115699,63.622032639383264,793.9665692172845,1137.365796019311,1.4325109395230071,1120.955495418948,-56.41727382419703,792.6506144466059,1120.9990072145497,1.414241012097344,3385.9487384465747,-129.67599846130614,2394.3179741115932,3403.2365813439224,1.4213803755980599,3390.9501072532153,110.34159153594844,2398.0393592412165,3420.9247530847024,1.426550711063869,3387.9736554226724,-9.64226092890693,2395.5461048836146,3387.6539587680973,1.4141468418670586,4447.258916817463,-137.11817417450865,3144.793920598509,4472.680548052708,1.4222491714819518,4454.497456184127,102.91244311899729,3150.266527679821,4499.130656625991,1.4281746058926676,4449.747298057088,-17.075278846215497,3146.3163205785927,4449.379035173667,1.414155025059733,1121.1146727242033,-176.48280225093197,792.7639335634238,1130.1313387925834,1.42555846822233,1122.5947748245903,63.62223969016091,793.9678723479517,1137.3676578159611,1.4325109332856185,1120.9573336280516,-56.41706646421577,792.6519140176017,1121.000844095656,1.4142410108035934,1121.1172704554529,-176.48267150926273,1122.597378816675,63.62237013601955,1120.959935656994,-56.416935823385394,1121.1131957321327,-176.4829149095875,1122.5932921908477,63.62212717545806,1120.9558540835585,-56.41717914694115,4447.258916817463,-137.11817417450865,4454.497456184127,102.91244311899729,4449.747298057088,-17.075278846215497,1765.8474560029777,-88.9518419681815,1766.053603599568,151.05427886651302,1766.072560279812,31.04283524461341,1121.1172704554529,-176.48267150926273,1122.597378816675,63.62237013601955,1120.959935656994,-56.416935823385394,0.9794841992819412,2432.647930844217,0.5235730564654032,1.0297201519413168,1121.55343498913,0.45096398613378735,0.7610503592465666,1721.1429366702246,1719.2848572695134,1.0010807280671699,0.595701105363838,793.9665692172845,792.6506144466059,1.0016601952319149
2,75,ABC,LLL,2431.324581729433,-115.97111512545285,1719.2824155714543,2440.264122693696,1.4193503641940073,2433.2696988642715,124.03907866735807,1720.6346965724217,2442.1085957033933,1.4193068409977891,2432.672477919896,3.994308993936136,1720.1627643281518,2447.458652134159,1.4228064360468056,1121.11285179239,-176.48323854968962,792.7630720619618,1130.1731188021604,1.425612719147729,1121.8966925691454,63.60145769555727,793.3752433638709,1130.508916973219,1.424935963693445,1122.940401098287,-56.47551133621206,794.2666256298572,1141.8332030227132,1.4375943369359552,3385.942445918741,-129.6760990094753,2394.314050752868,3403.296323676455,1.4214076564460383,3389.4615575698963,110.34912485428372,2396.864471181612,3406.9860172106573,1.4214345692775334,3388.9948795792766,-9.71500516409638,2396.5308631158746,3430.0061085324555,1.4312380288200826,4447.250669753913,-137.1183044309968,3144.7889995939036,4472.76989343401,1.4222798076473786,4452.185352985073,102.91728236487091,3148.42002957285,4478.287077337127,1.422391877599858,4452.11332369685,-17.15549904948506,3148.4437736390996,4512.710429874142,1.4333146005838204,1121.1146850196653,-176.48303122970566,792.764368386697,1130.1747155093433,1.4256124020928034,1121.898532586724,63.60166488380965,793.3765447803761,1130.5107702313758,1.4249359622098807,1122.942237842284,-56.475304325404515,794.2679244177431,1141.8350756721925,1.4375943438849577,1121.117282745351,-176.48290057391424,1121.9011356002502,63.601795456576525,1122.9448401356199,-56.47517386446328,1121.1132080365658,-176.48314388839228,1121.8970515771614,63.60155229669698,1122.9407581640128,-56.47541681607507,4447.250669753913,-137.1183044309968,4452.185352985073,102.91728236487091,4452.11332369685,-17.15549904948506,1765.8475858484037,-88.95184175600558,1766.0662303423198,151.05363877898426,1766.1032048182894,31.0447556864227,1121.117282745351,-176.48290057391424,1121.9011356002502,63.601795456576525,1122.9448401356199,-56.47517386446328,9.67993695182956e-07,2432.4221168224017,1.150469677112648,5.009320703012119e-07,1121.983065355585,1.0587471042486047,0.5603964749450856,1720.6346965724217,1719.2824155714543,1.0007865380281447,0.6173410167382815,794.2666256298572,792.7630720619618,1.0018965988967987
2,75,ABC,LLLG,2431.3245795769126,-115.97111512254283,1719.282414154819,2440.264140360484,1.4193503756391832,2433.9424139272087,124.02980153074766,1721.1527165285704,2449.2074836782854,1.4230041646845517,2432.6750034176553,4.004803367447017,1720.1319621074965,2443.807802989581,1.4207094902157626,1121.1128518222883,-176.48323870440618,792.7630723432088,1130.17314577018,1.4256127526597218,1122.606043237657,63.62241979378926,793.9782061691512,1137.494911492147,1.4326525623170718,1122.534137145722,-56.46361100113406,793.9013677907024,1137.569881340878,1.4328856549353843,3385.9424412061785,-129.67609905604544,2394.3140477327706,3403.296357815981,1.4214076724975315,3390.978135487079,110.34144975457511,2398.0621021035718,3421.187216487372,1.4266466299960783,3388.7854634587693,-9.700123143745111,2396.2863180878944,3421.339637941619,1.427767463393799,4447.25066379943,-137.1183045109693,3144.7889958876676,4472.769940906574,1.4222798244192096,4454.540991484112,102.91235204709142,3150.3023693554555,4499.523143280179,1.4282829442180724,4451.628456779747,-17.139090598161044,3147.9340441934573,4499.750839827994,1.4294298345062342,1121.1146850495516,-176.48303138083517,792.7643686613104,1130.174741804406,1.4256124347677968,1122.607885680777,63.622626844545685,793.9795094096543,1137.496776572173,1.432652559784488,1122.5359742189007,-56.46340391983289,793.9026667287146,1137.5717460534834,1.4328856593225228,1121.1172827732973,-176.48290068922347,1122.6104905670056,63.62275731387586,1122.5385767668636,-56.46327343116716,1121.1132080662578,-176.48314403951898,1122.6064030164534,63.62251433120505,1122.5344945689733,-56.46351644976384,4447.25066379943,-137.1183045109693,4454.540991484112,102.91235204709142,4451.628456779747,-17.139090598161044,1765.8475863937383,-88.95184177410798,1766.053365847145,151.05429091804416,1766.0969338975767,31.04436272374301,1121.1172827732973,-176.48290068922347,1122.6104905670056,63.62275731387586,1122.5385767668636,-56.46327343116716,0.40840234802188236,2432.6472826708746,1.1032960225025146,0.4293485000200838,1122.083984184133,1.0469295246103019,0.7646133577247985,1721.1527165285704,1719.282414154819,1.0010878389485947,0.5555948641007934,793.9782061691512,792.7630723432088,1.0015327830827825
3,25,AG,LG,0.0,0.0,0.0,0.0,0.0,0.0,0.0,0.0,0.0,0.0,0.0,0.0,0.0,0.0,0.0,0.0,0.0,0.0,0.0,0.0,0.0,0.0,0.0,0.0,0.0,0.0,0.0,0.0,0.0,0.0,0.0,0.0,0.0,0.0,0.0,0.0,0.0,0.0,0.0,0.0,0.0,0.0,0.0,0.0,0.0,2431.7105730104627,-115.96593572002475,1719.540460986673,2437.139340350183,1.41732014782121,2432.3525518597776,124.05169871099045,1719.9650597169787,2432.4432582285053,1.4142399256812608,2431.7105730104627,-115.96593572002475,1719.540460986673,2437.139340350183,1.41732014782121,0.0,0.0,0.0,0.0,0.0,0.0,0.0,0.0,0.0,0.0,0.0,0.0,0.0,0.0,0.0,0.0,0.0,0.0,0.0,0.0,0.0,0.0,0.0,0.0,0.0,0.0,0.0,0.0,0.0,0.0,0.0,0.0,0.0,1121.1161109236332,-176.45894647311076,1121.1161109236332,-176.45894647311076,1120.9573566608315,-56.417066536242245,0.0,0.0,0.0,0.0,0.0,0.0,0.0,0.0,0.0,0.0,0.0,0.0,0.0,0.0,0.0,0.0,0.0,0.0,0.0,0.0
3,25,BC,LL,0.0,0.0,0.0,0.0,0.0,0.0,0.0,0.0,0.0,0.0,0.0,0.0,0.0,0.0,0.0,0.0,0.0,0.0,0.0,0.0,0.0,0.0,0.0,0.0,0.0,0.0,0.0,0.0,0.0,0.0,0.0,0.0,0.0,0.0,0.0,0.0,0.0,0.0,0.0,0.0,0.0,0.0,0.0,0.0,0.0,2433.199338770963,-115.94598960492122,1720.6051703908283,2441.332472160072,1.4188801208853357,2433.2518825183015,124.03928683091428,1720.621353273948,2441.934810440326,1.4192168461665804,2433.199338770963,-115.94598960492122,1720.6051703908283,2441.332472160072,1.4188801208853357,0.0,0.0,0.0,0.0,0.0,0.0,0.0,0.0,0.0,0.0,0.0,0.0,0.0,0.0,0.0,0.0,0.0,0.0,0.0,0.0,0.0,0.0,0.0,0.0,0.0,0.0,0.0,0.0,0.0,0.0,0.0,0.0,0.0,1121.1133497247476,-176.36692529987394,1121.1133497247476,-176.36692529987394,1120.9573571535773,-56.417066550413715,0.0,0.0,0.0,0.0,0.0,0.0,0.0,0.0,0.0,0.0,0.0,0.0,0.0,0.0,0.0,0.0,0.0,0.0,0.0,0.0
3,25,ABC,LLG,0.0,0.0,0.0,0.0,0.0,0.0,0.0,0.0,0.0,0.0,0.0,0.0,0.0,0.0,0.0,0.0,0.0,0.0,0.0,0.0,0.0,0.0,0.0,0.0,0.0,0.0,0.0,0.0,0.0,0.0,0.0,0.0,0.0,0.0,0.0,0.0,0.0,0.0,0.0,0.0,0.0,0.0,0.0,0.0,0.0,2431.7111948444817,-115.96592738357366,1719.5408827546019,2437.1343212938477,1.4173168813466674,2433.4555871952193,124.03647693712765,1720.7756518503074,2444.084662679423,1.4203389384614777,2431.7111948444817,-115.96592738357366,1719.5408827546019,2437.1343212938477,1.4173168813466674,0.0,0.0,0.0,0.0,0.0,0.0,0.0,0.0,0.0,0.0,0.0,0.0,0.0,0.0,0.0,0.0,0.0,0.0,0.0,0.0,0.0,0.0,0.0,0.0,0.0,0.0,0.0,0.0,0.0,0.0,0.0,0.0,0.0,1121.1161091887232,-176.4589079779765,1121.1161091887232,-176.4589079779765,1120.9573554071326,-56.41706650088382,0.0,0.0,0.0,0.0,0.0,0.0,0.0,0.0,0.0,0.0,0.0,0.0,0.0,0.0,0.0,0.0,0.0,0.0,0.0,0.0
3,25,ABC,LLL,0.0,0.0,0.0,0.0,0.0,0.0,0.0,0.0,0.0,0.0,0.0,0.0,0.0,0.0,0.0,0.0,0.0,0.0,0.0,0.0,0.0,0.0,0.0,0.0,0.0,0.0,0.0,0.0,0.0,0.0,0.0,0.0,0.0,0.0,0.0,0.0,0.0,0.0,0.0,0.0,0.0,0.0,0.0,0.0,0.0,2431.7084015171945,-115.96596482707695,1719.538988234821,2437.1568493120985,1.4173315440866754,2433.0175721117625,124.04251956500745,1720.4464499150129,2439.4621943794027,1.417923931605025,2431.7084015171945,-115.96596482707695,1719.538988234821,2437.1568493120985,1.4173315440866754,0.0,0.0,0.0,0.0,0.0,0.0,0.0,0.0,0.0,0.0,0.0,0.0,0.0,0.0,0.0,0.0,0.0,0.0,0.0,0.0,0.0,0.0,0.0,0.0,0.0,0.0,0.0,0.0,0.0,0.0,0.0,0.0,0.0,1121.1161170367598,-176.45908077696507,1121.1161170367598,-176.45908077696507,1122.27321514632,-56.455701149495674,0.0,0.0,0.0,0.0,0.0,0.0,0.0,0.0,0.0,0.0,0.0,0.0,0.0,0.0,0.0,0.0,0.0,0.0,0.0,0.0
3,25,ABC,LLLG,0.0,0.0,0.0,0.0,0.0,0.0,0.0,0.0,0.0,0.0,0.0,0.0,0.0,0.0,0.0,0.0,0.0,0.0,0.0,0.0,0.0,0.0,0.0,0.0,0.0,0.0,0.0,0.0,0.0,0.0,0.0,0.0,0.0,0.0,0.0,0.0,0.0,0.0,0.0,0.0,0.0,0.0,0.0,0.0,0.0,2431.7083990404885,-115.96596486715183,1719.5389865300192,2437.156861361725,1.4173315524993348,2433.4672630411696,124.03631589771298,1720.7845589688104,2444.2078827132927,1.4204031934003394,2431.7083990404885,-115.96596486715183,1719.5389865300192,2437.156861361725,1.4173315524993348,0.0,0.0,0.0,0.0,0.0,0.0,0.0,0.0,0.0,0.0,0.0,0.0,0.0,0.0,0.0,0.0,0.0,0.0,0.0,0.0,0.0,0.0,0.0,0.0,0.0,0.0,0.0,0.0,0.0,0.0,0.0,0.0,0.0,1121.1161170732942,-176.4590808535945,1121.1161170732942,-176.4590808535945,1122.001575973696,-56.44773426314577,0.0,0.0,0.0,0.0,0.0,0.0,0.0,0.0,0.0,0.0,0.0,0.0,0.0,0.0,0.0,0.0,0.0,0.0,0.0,0.0
3,50,AG,LG,0.0,0.0,0.0,0.0,0.0,0.0,0.0,0.0,0.0,0.0,0.0,0.0,0.0,0.0,0.0,0.0,0.0,0.0,0.0,0.0,0.0,0.0,0.0,0.0,0.0,0.0,0.0,0.0,0.0,0.0,0.0,0.0,0.0,0.0,0.0,0.0,0.0,0.0,0.0,0.0,0.0,0.0,0.0,0.0,0.0,2431.9230705197156,-115.96309030415007,1719.6857291066226,2435.4340650557724,1.4162088013145178,2432.353372311734,124.0517063833952,1719.9656398535728,2432.4440761410992,1.4142399242046384,2431.9230705197156,-115.96309030415007,1719.6857291066226,2435.4340650557724,1.4162088013145178,0.0,0.0,0.0,0.0,0.0,0.0,0.0,0.0,0.0,0.0,0.0,0.0,0.0,0.0,0.0,0.0,0.0,0.0,0.0,0.0,0.0,0.0,0.0,0.0,0.0,0.0,0.0,0.0,0.0,0.0,0.0,0.0,0.0,1121.1155306604587,-176.44586145077122,1121.1155306604587,-176.44586145077122,1120.9573457147324,-56.417066495090644,0.0,0.0,0.0,0.0,0.0,0.0,0.0,0.0,0.0,0.0,0.0,0.0,0.0,0.0,0.0,0.0,0.0,0.0,0.0,0.0
3,50,BC,LL,0.0,0.0,0.0,0.0,0.0,0.0,0.0,0.0,0.0,0.0,0.0,0.0,0.0,0.0,0.0,0.0,0.0,0.0,0.0,0.0,0.0,0.0,0.0,0.0,0.0,0.0,0.0,0.0,0.0,0.0,0.0,0.0,0.0,0.0,0.0,0.0,0.0,0.0,0.0,0.0,0.0,0.0,0.0,0.0,0.0,2432.993982956911,-115.94874254626563,1720.4517555272394,2439.310797882395,1.4178315608361005,2433.0480649850897,124.04211784225764,1720.4690266290736,2439.77607733121,1.4180877653528468,2432.993982956911,-115.94874254626563,1720.4517555272394,2439.310797882395,1.4178315608361005,0.0,0.0,0.0,0.0,0.0,0.0,0.0,0.0,0.0,0.0,0.0,0.0,0.0,0.0,0.0,0.0,0.0,0.0,0.0,0.0,0.0,0.0,0.0,0.0,0.0,0.0,0.0,0.0,0.0,0.0,0.0,0.0,0.0,1121.1135483319858,-176.3796680529337,1121.1135483319858,-176.3796680529337,1120.9573459994265,-56.41706650382181,0.0,0.0,0.0,0.0,0.0,0.0,0.0,0.0,0.0,0.0,0.0,0.0,0.0,0.0,0.0,0.0,0.0,0.0,0.0,0.0
3,50,ABC,LLG,0.0,0.0,0.0,0.0,0.0,0.0,0.0,0.0,0.0,0.0,0.0,0.0,0.0,0.0,0.0,0.0,0.0,0.0,0.0,0.0,0.0,0.0,0.0,0.0,0.0,0.0,0.0,0.0,0.0,0.0,0.0,0.0,0.0,0.0,0.0,0.0,0.0,0.0,0.0,0.0,0.0,0.0,0.0,0.0,0.0,2431.9259474872138,-115.96305174020878,1719.6877108878834,2435.4108693290395,1.4161936809280475,2433.196908489644,124.04006422806962,1720.580035713839,2441.347006844574,1.4189092958013436,2431.9259474872138,-115.96305174020878,1719.6877108878834,2435.4108693290395,1.4161936809280475,0.0,0.0,0.0,0.0,0.0,0.0,0.0,0.0,0.0,0.0,0.0,0.0,0.0,0.0,0.0,0.0,0.0,0.0,0.0,0.0,0.0,0.0,0.0,0.0,0.0,0.0,0.0,0.0,0.0,0.0,0.0,0.0,0.0,1121.1155233468216,-176.4456835696039,1121.1155233468216,-176.4456835696039,1120.9573448349295,-56.417066470365526,0.0,0.0,0.0,0.0,0.0,0.0,0.0,0.0,0.0,0.0,0.0,0.0,0.0,0.0,0.0,0.0,0.0,0.0,0.0,0.0
3,50,ABC,LLL,0.0,0.0,0.0,0.0,0.0,0.0,0.0,0.0,0.0,0.0,0.0,0.0,0.0,0.0,0.0,0.0,0.0,0.0,0.0,0.0,0.0,0.0,0.0,0.0,0.0,0.0,0.0,0.0,0.0,0.0,0.0,0.0,0.0,0.0,0.0,0.0,0.0,0.0,0.0,0.0,0.0,0.0,0.0,0.0,0.0,2431.923038019629,-115.96309074935088,1719.6857067487792,2435.4343405486597,1.4162089799263773,2432.887904802681,124.04432790696927,1720.350821181013,2438.0859276828483,1.41720275752193,2431.923038019629,-115.96309074935088,1719.6857067487792,2435.4343405486597,1.4162089799263773,0.0,0.0,0.0,0.0,0.0,0.0,0.0,0.0,0.0,0.0,0.0,0.0,0.0,0.0,0.0,0.0,0.0,0.0,0.0,0.0,0.0,0.0,0.0,0.0,0.0,0.0,0.0,0.0,0.0,0.0,0.0,0.0,0.0,1121.1155307420229,-176.44586357460386,1121.1155307420229,-176.44586357460386,1121.9110801545798,-56.445079400205714,0.0,0.0,0.0,0.0,0.0,0.0,0.0,0.0,0.0,0.0,0.0,0.0,0.0,0.0,0.0,0.0,0.0,0.0,0.0,0.0
3,50,ABC,LLLG,0.0,0.0,0.0,0.0,0.0,0.0,0.0,0.0,0.0,0.0,0.0,0.0,0.0,0.0,0.0,0.0,0.0,0.0,0.0,0.0,0.0,0.0,0.0,0.0,0.0,0.0,0.0,0.0,0.0,0.0,0.0,0.0,0.0,0.0,0.0,0.0,0.0,0.0,0.0,0.0,0.0,0.0,0.0,0.0,0.0,2431.923035253059,-115.96309077697087,1719.685704812,2435.434347406439,1.4162089855091784,2433.2079440495922,124.03991198187828,1720.5883104469851,2441.463474895531,1.4189701627469922,2431.923035253059,-115.96309077697087,1719.685704812,2435.434347406439,1.4162089855091784,0.0,0.0,0.0,0.0,0.0,0.0,0.0,0.0,0.0,0.0,0.0,0.0,0.0,0.0,0.0,0.0,0.0,0.0,0.0,0.0,0.0,0.0,0.0,0.0,0.0,0.0,0.0,0.0,0.0,0.0,0.0,0.0,0.0,1121.1155307530041,-176.44586362398113,1121.1155307530041,-176.44586362398113,1121.7175779310082,-56.43940037769474,0.0,0.0,0.0,0.0,0.0,0.0,0.0,0.0,0.0,0.0,0.0,0.0,0.0,0.0,0.0,0.0,0.0,0.0,0.0,0.0
3,75,AG,LG,0.0,0.0,0.0,0.0,0.0,0.0,0.0,0.0,0.0,0.0,0.0,0.0,0.0,0.0,0.0,0.0,0.0,0.0,0.0,0.0,0.0,0.0,0.0,0.0,0.0,0.0,0.0,0.0,0.0,0.0,0.0,0.0,0.0,0.0,0.0,0.0,0.0,0.0,0.0,0.0,0.0,0.0,0.0,0.0,0.0,2432.1671524213216,-115.95981887690687,1719.8553279023606,2433.4730411948526,1.4149289197265582,2432.354055567394,124.0517155545183,1719.9661229717524,2432.444758405786,1.4142399236346674,2432.1671524213216,-115.95981887690687,1719.8553279023606,2433.4730411948526,1.4149289197265582,0.0,0.0,0.0,0.0,0.0,0.0,0.0,0.0,0.0,0.0,0.0,0.0,0.0,0.0,0.0,0.0,0.0,0.0,0.0,0.0,0.0,0.0,0.0,0.0,0.0,0.0,0.0,0.0,0.0,0.0,0.0,0.0,0.0,1121.1149386385575,-176.43081622609932,1121.1149386385575,-176.43081622609932,1120.9573360287616,-56.41706653224615,0.0,0.0,0.0,0.0,0.0,0.0,0.0,0.0,0.0,0.0,0.0,0.0,0.0,0.0,0.0,0.0,0.0,0.0,0.0,0.0
3,75,BC,LL,0.0,0.0,0.0,0.0,0.0,0.0,0.0,0.0,0.0,0.0,0.0,0.0,0.0,0.0,0.0,0.0,0.0,0.0,0.0,0.0,0.0,0.0,0.0,0.0,0.0,0.0,0.0,0.0,0.0,0.0,0.0,0.0,0.0,0.0,0.0,0.0,0.0,0.0,0.0,0.0,0.0,0.0,0.0,0.0,0.0,2432.7486273417007,-115.9520284503173,1720.2712223332273,2436.89792276466,1.4165777414211824,2432.8045456379227,124.04549690038172,1720.2897924376227,2437.199638933076,1.4167378366406533,2432.7486273417007,-115.9520284503173,1720.2712223332273,2436.89792276466,1.4165777414211824,0.0,0.0,0.0,0.0,0.0,0.0,0.0,0.0,0.0,0.0,0.0,0.0,0.0,0.0,0.0,0.0,0.0,0.0,0.0,0.0,0.0,0.0,0.0,0.0,0.0,0.0,0.0,0.0,0.0,0.0,0.0,0.0,0.0,1121.1138612937127,-176.3948750403955,1121.1138612937127,-176.3948750403955,1120.9573360493505,-56.417066533091244,0.0,0.0,0.0,0.0,0.0,0.0,0.0,0.0,0.0,0.0,0.0,0.0,0.0,0.0,0.0,0.0,0.0,0.0,0.0,0.0
3,75,ABC,LLG,0.0,0.0,0.0,0.0,0.0,0.0,0.0,0.0,0.0,0.0,0.0,0.0,0.0,0.0,0.0,0.0,0.0,0.0,0.0,0.0,0.0,0.0,0.0,0.0,0.0,0.0,0.0,0.0,0.0,0.0,0.0,0.0,0.0,0.0,0.0,0.0,0.0,0.0,0.0,0.0,0.0,0.0,0.0,0.0,0.0,2432.1766642713637,-115.95969140538273,1719.861996416604,2433.396366433123,1.414878851619022,2432.8983712508675,124.04420204531094,1720.3584881622364,2438.189979186945,1.417256924044667,2432.1766642713637,-115.95969140538273,1719.861996416604,2433.396366433123,1.414878851619022,0.0,0.0,0.0,0.0,0.0,0.0,0.0,0.0,0.0,0.0,0.0,0.0,0.0,0.0,0.0,0.0,0.0,0.0,0.0,0.0,0.0,0.0,0.0,0.0,0.0,0.0,0.0,0.0,0.0,0.0,0.0,0.0,0.0,1121.1149174756845,-176.4302282462359,1121.1149174756845,-176.4302282462359,1120.957335578245,-56.41706651972572,0.0,0.0,0.0,0.0,0.0,0.0,0.0,0.0,0.0,0.0,0.0,0.0,0.0,0.0,0.0,0.0,0.0,0.0,0.0,0.0
3,75,ABC,LLL,0.0,0.0,0.0,0.0,0.0,0.0,0.0,0.0,0.0,0.0,0.0,0.0,0.0,0.0,0.0,0.0,0.0,0.0,0.0,0.0,0.0,0.0,0.0,0.0,0.0,0.0,0.0,0.0,0.0,0.0,0.0,0.0,0.0,0.0,0.0,0.0,0.0,0.0,0.0,0.0,0.0,0.0,0.0,0.0,0.0,2432.1715797046,-115.95975954763206,1719.8584311998668,2433.4373537914503,1.4149056164429488,2432.7436605569196,124.04633721109485,1720.2454516729008,2436.557169376362,1.4164008787274303,2432.1715797046,-115.95975954763206,1719.8584311998668,2433.4373537914503,1.4149056164429488,0.0,0.0,0.0,0.0,0.0,0.0,0.0,0.0,0.0,0.0,0.0,0.0,0.0,0.0,0.0,0.0,0.0,0.0,0.0,0.0,0.0,0.0,0.0,0.0,0.0,0.0,0.0,0.0,0.0,0.0,0.0,0.0,0.0,1121.1149287665833,-176.43054256098827,1121.1149287665833,-176.43054256098827,1121.498037835857,-56.432954737289016,0.0,0.0,0.0,0.0,0.0,0.0,0.0,0.0,0.0,0.0,0.0,0.0,0.0,0.0,0.0,0.0,0.0,0.0,0.0,0.0
3,75,ABC,LLLG,0.0,0.0,0.0,0.0,0.0,0.0,0.0,0.0,0.0,0.0,0.0,0.0,0.0,0.0,0.0,0.0,0.0,0.0,0.0,0.0,0.0,0.0,0.0,0.0,0.0,0.0,0.0,0.0,0.0,0.0,0.0,0.0,0.0,0.0,0.0,0.0,0.0,0.0,0.0,0.0,0.0,0.0,0.0,0.0,0.0,2432.1715792750806,-115.95975955095587,1719.858430899176,2433.4373578540567,1.414905619052498,2432.9089049224012,124.0440566814118,1720.3662281465474,2438.3011590378087,1.4173151734469556,2432.1715792750806,-115.95975955095587,1719.858430899176,2433.4373578540567,1.414905619052498,0.0,0.0,0.0,0.0,0.0,0.0,0.0,0.0,0.0,0.0,0.0,0.0,0.0,0.0,0.0,0.0,0.0,0.0,0.0,0.0,0.0,0.0,0.0,0.0,0.0,0.0,0.0,0.0,0.0,0.0,0.0,0.0,0.0,1121.1149287722271,-176.43054258364722,1121.1149287722271,-176.43054258364722,1121.3979034141964,-56.43001369271875,0.0,0.0,0.0,0.0,0.0,0.0,0.0,0.0,0.0,0.0,0.0,0.0,0.0,0.0,0.0,0.0,0.0,0.0,0.0,0.0
