R1_Ia,R1_Ib,R1_Ic,R1_I0,R1_I1,R1_I2,R1_Ia_ang,R1_Ib_ang,R1_Ic_ang,R2_Ia,R2_Ib,R2_Ic,R2_I0,R2_I1,R2_I2,R2_Ia_ang,R2_Ib_ang,R2_Ic_ang,VA_a,VA_b,VA_c,VA_V0,VA_V2,VB_a,VB_b,VB_c,VB_V0,VB_V2,fault,fault_type,zone,distance_km,Rf,load_factor,correct_relay,t_R1,t_R2,coordinated
2430.1181225356268,2432.3532327856547,2432.6847657695757,0.8345195069315378,2431.718598385701,1.0635871849074965,-115.98729723729183,124.05171297966672,4.045591058250932,1121.1173071765602,1120.9307967117516,1120.9549772184246,0.877320614796625,1121.000326806094,0.8983774130629091,-176.5577862404592,63.57286972004392,-56.41728413881059,76210.2355330306,76210.2355330306,76210.2355330306,0.0,0.0,76210.2355330306,76210.2355330306,76210.2355330306,0.0,0.0,1,AG,1,12.5,0.01,1.0,R1,0.3496049663425826,-1.0,True
2434.5414026141684,2434.583941293435,2432.6847665414134,1.6166727939462421e-06,2433.936542514375,1.2520181846018579,-115.9280280686611,124.02094614227262,4.0455910622563165,1121.1083428168995,1123.2829377280218,1120.95497681598,5.370664761796707e-07,1121.7815813692198,1.5039587075466259,-176.28437722900833,63.642399073742986,-56.41728412632647,76210.2355330306,76210.2355330306,76210.2355330306,0.0,0.0,76210.2355330306,76210.2355330306,76210.2355330306,0.0,0.0,1,BC,1,12.5,0.01,1.0,R1,0.32553537446443387,-1.0,True
2430.1184229498335,2435.4103202786223,2432.6847657622125,2.015333816893708,2432.7377379625236,1.0420203339645444,-115.98729320383602,124.00956516031508,4.045591087465019,1121.1173057174665,1124.1545306698158,1120.9549759238337,2.1186971365872656,1122.0741220317839,1.0012359363804773,-176.5577676756531,63.66807716338004,-56.41728410174562,76210.2355330306,76210.2355330306,76210.2355330306,0.0,0.0,76210.2355330306,76210.2355330306,76210.2355330306,0.0,0.0,1,BCG,1,12.5,0.01,1.0,R1,0.32094440363331467,-1.0,True
2430.1108487818237,2434.1404748256778,2432.6594351280037,1.2765501371627352e-06,2432.3030171451164,2.353311799720273,-115.98739484886023,124.02705740244295,3.937643949224942,1121.117342911393,1122.815256572594,1125.1342452553629,1.7065114665067976e-06,1123.021074042336,2.3287039050468628,-176.55823583571146,63.6286014965521,-56.53962624757098,76210.2355330306,76210.2355330306,76210.2355330306,0.0,0.0,76210.2355330306,76210.2355330306,76210.2355330306,0.0,0.0,1,ABC,1,12.5,0.01,1.0,R1,0.31244996463404917,-1.0,True
2430.11084567535,2435.4259394969017,2432.663511360699,0.781939590148476,2432.7331988039764,2.2879810207012756,-115.98739494902445,124.00935013721238,3.957812011363337,1121.1173429668872,1124.1710055514204,1124.353038868737,0.8220444885340903,1123.2121319010805,2.294589015843986,-176.5582361598757,63.668562083064074,-56.51683801424625,76210.2355330306,76210.2355330306,76210.2355330306,0.0,0.0,76210.2355330306,76210.2355330306,76210.2355330306,0.0,0.0,1,ABC,1,12.5,0.01,1.0,R1,0.31244996463404917,-1.0,True
2430.338718629332,2432.3536443216267,2432.685177641288,0.7500579646330704,2431.7924216499264,0.9794703152717926,-115.98433963497871,124.05171427886768,4.045592396390385,1121.1165160451474,1120.931055932511,1120.9552366293801,0.7885265351893673,1121.0003690084952,0.8103407050077057,-176.54416742936638,63.57287489010268,-56.41727896901788,76210.2355330306,76210.2355330306,76210.2355330306,0.0,0.0,76210.2355330306,76210.2355330306,76210.2355330306,0.0,0.0,1,AG,1,25.0,0.01,1.0,R1,0.4117426311277043,-1.0,True
2434.378850539437,2434.4226008444352,2432.685177941504,1.4828803386627244e-06,2433.8287420785273,1.1438428724813356,-115.93020604063608,124.02317619331191,4.045592390758701,1121.1084797291207,1123.1126085316841,1120.955236331399,4.803277531307748e-07,1121.7250104054551,1.390409389565309,-176.29444253293872,63.637373051273514,-56.417278959456524,76210.2355330306,76210.2355330306,76210.2355330306,0.0,0.0,76210.2355330306,76210.2355330306,76210.2355330306,0.0,0.0,1,BC,1,25.0,0.01,1.0,R1,0.3714068299500965,-1.0,True
2430.3387278848554,2435.144265075403,2432.685177633931,1.8280700719262202,2432.722643295469,0.9476881308892681,-115.98433951112352,124.01323529857751,4.045592423681936,1121.1165160178607,1123.8737282679676,1120.9552354295852,1.9218277361615053,1121.9806177593268,0.9017145924923028,-176.54416686566853,63.65980699151699,-56.41727893465132,76210.2355330306,76210.2355330306,76210.2355330306,0.0,0.0,76210.2355330306,76210.2355330306,76210.2355330306,0.0,0.0,1,BCG,1,25.0,0.01,1.0,R1,0.3668064852243987,-1.0,True
2430.331897653128,2433.975414281742,2432.661930743086,4.6831663779444176e-07,2432.3226144601094,2.1304868554164385,-115.9844312859978,124.02933965161365,3.948141645199607,1121.1165476603169,1122.641018656899,1124.7279083735984,1.450883067936541e-06,1122.82751531197,2.093693568731791,-176.54458932466397,63.62345517243796,-56.527765025472135,76210.2355330306,76210.2355330306,76210.2355330306,0.0,0.0,76210.2355330306,76210.2355330306,76210.2355330306,0.0,0.0,1,ABC,1,25.0,0.01,1.0,R1,0.3550301764181242,-1.0,True
2430.331890263457,2435.1591470701624,2432.665811069598,0.71967006450078,2432.718762410015,2.0681729279533423,-115.9844313051572,124.0130303719607,3.9666852539772766,1121.1165476637887,1123.8894248251443,1124.009702822609,0.7565798775471714,1123.0038697717873,2.0634043206809762,-176.5445896073211,63.660269272009565,-56.506798289407406,76210.2355330306,76210.2355330306,76210.2355330306,0.0,0.0,76210.2355330306,76210.2355330306,76210.2355330306,0.0,0.0,1,ABC,1,25.0,0.01,1.0,R1,0.3550301764181242,-1.0,True
2430.5502459538557,2432.3540564483205,2432.685589974386,0.669077144186053,2431.8632202993717,0.8988824177401465,-115.98150448323997,124.05171556039471,4.045593636907921,1121.1158289222328,1120.931316366339,1120.9554972443254,0.7033926839389867,1121.0004279955447,0.7261062009439715,-176.53110985209787,63.57287998269047,-56.41727387612458,76210.2355330306,76210.2355330306,76210.2355330306,0.0,0.0,76210.2355330306,76210.2355330306,76210.2355330306,0.0,0.0,1,AG,1,37.5,0.01,1.0,R1,0.46655519717941674,-1.0,True
2434.2162502852966,2434.2612181965346,2432.6855905741804,4.681736310914887e-07,2433.720909531692,1.0356448298433987,-115.93238491881884,124.02540710988224,4.045593655878356,1121.1086523854597,1122.942240330687,1120.9554970315573,4.147780422162718e-07,1121.668432995556,1.2768661623481408,-176.3045107950527,63.63234398697166,-56.41727386931963,76210.2355330306,76210.2355330306,76210.2355330306,0.0,0.0,76210.2355330306,76210.2355330306,76210.2355330306,0.0,0.0,1,BC,1,37.5,0.01,1.0,R1,0.41157636416682125,-1.0,True
2430.550002007953,2434.887684955086,2432.6855899680345,1.647928172935959,2432.70769442465,0.8570695114809259,-115.98150775786556,124.01677584031096,4.045593662157345,1121.1158299978072,1123.6029360288348,1120.955496134391,1.7324475802898518,1121.8904482631272,0.8059367656577783,-176.53112494203293,63.651826865555186,-56.41727384431666,76210.2355330306,76210.2355330306,76210.2355330306,0.0,0.0,76210.2355330306,76210.2355330306,76210.2355330306,0.0,0.0,1,BCG,1,37.5,0.01,1.0,R1,0.40677192147594754,-1.0,True
2430.543861335441,2433.819724523584,2432.6644017498556,1.1427129210574016e-06,2432.3422843825724,1.9183074259582151,-115.98159019638207,124.03149301759792,3.9581373660525996,1121.1158567074717,1122.4766673278446,1124.341059757323,1.2371266247816865e-06,1122.6437491765146,1.86983219121452,-176.53150464776058,63.61859889752832,-56.516462834392705,76210.2355330306,76210.2355330306,76210.2355330306,0.0,0.0,76210.2355330306,76210.2355330306,76210.2355330306,0.0,0.0,1,ABC,1,37.5,0.01,1.0,R1,0.3921749698348292,-1.0,True
2430.5438563561142,2434.9019209251537,2432.668060724615,0.657640217936449,2432.704464259664,1.8589518953642998,-115.9815902456601,124.0165797610564,3.975068328200114,1121.1158567453344,1123.617950542648,1123.6853786871861,0.6913694252019164,1122.8053061239573,1.8432713188193208,-176.53150489194059,63.652269308326396,-56.49730727834167,76210.2355330306,76210.2355330306,76210.2355330306,0.0,0.0,76210.2355330306,76210.2355330306,76210.2355330306,0.0,0.0,1,ABC,1,37.5,0.01,1.0,R1,0.3921749698348292,-1.0,True
2430.9489197481603,2432.353222969961,2432.684755930782,0.5158388950918087,2431.995579962669,0.7466172475893303,-115.9761453361832,124.05171347794776,4.045591582523116,1121.1136658259484,1120.930787537742,1120.9549670279614,0.5422953592347632,1120.9995349423855,0.567444691304356,-176.50642044527672,63.57287035662617,-56.41728350243672,76210.2355330306,76210.2355330306,76210.2355330306,0.0,0.0,76210.2355330306,76210.2355330306,76210.2355330306,0.0,0.0,1,AG,2,60.0,0.01,1.0,R2,0.7453031584739565,0.21131099367168962,True
2433.888795097212,2433.936201208259,2432.684755744606,2.816569992036893e-07,2433.5031818055295,0.8188836158030574,-115.93675627192884,124.02987361924394,4.045591569104818,1121.1080503384098,1122.5998406630868,1120.9549677735756,3.0797213282120837e-07,1121.5540406182051,1.0495214095022718,-176.32470473801848,63.62224266035269,-56.41728352258577,76210.2355330306,76210.2355330306,76210.2355330306,0.0,0.0,76210.2355330306,76210.2355330306,76210.2355330306,0.0,0.0,1,BC,2,60.0,0.01,1.0,R2,0.6048343821082596,0.17425999033941555,True
2430.948313622203,2434.397019972354,2432.684755910181,1.3056312854697096,2432.67665697838,0.6855044402082856,-115.97615346954207,124.02352208419082,4.045591633910201,1121.1136681836306,1123.0858043053695,1120.9549648939126,1.3725946276822814,1121.7175512214326,0.6239492631908392,-176.50645792599363,63.63658577009981,-56.41728344185215,76210.2355330306,76210.2355330306,76210.2355330306,0.0,0.0,76210.2355330306,76210.2355330306,76210.2355330306,0.0,0.0,1,BCG,2,60.0,0.01,1.0,R2,0.5984833548138608,0.17255644331263317,True
2430.943445427634,2433.5311010401565,2432.6676217137688,1.2553931883200797e-06,2432.3804849444236,1.5211526788038836,-115.97621876499863,124.03545948429021,3.9768426192362916,1121.1136867937648,1122.1726691316917,1123.6160632616372,8.328979559736364e-07,1122.3003376186625,1.45054301785425,-176.5067588862688,63.60962281842434,-56.49530586301573,76210.2355330306,76210.2355330306,76210.2355330306,0.0,0.0,76210.2355330306,76210.2355330306,76210.2355330306,0.0,0.0,1,ABC,2,60.0,0.01,1.0,R2,0.5699416866793575,0.1648697620503584,True
2430.9434416661265,2434.4102153253502,2432.6707640437676,0.5338743130220048,2432.6747173853655,1.4676977444358272,-115.97621883599872,124.02334025147302,3.9905698995385763,1121.1136868208955,1123.0997201274436,1123.0845518569217,0.56125553231794,1122.4319875439899,1.431285899095784,-176.5067591136276,63.636996276866654,-56.4797565621083,76210.2355330306,76210.2355330306,76210.2355330306,0.0,0.0,76210.2355330306,76210.2355330306,76210.2355330306,0.0,0.0,1,ABC,2,60.0,0.01,1.0,R2,0.5699416866793575,0.1648697620503584,True
2431.1404512029653,2432.353639602608,2432.685172467682,0.44253609305834124,2432.059711425849,0.6739363453908926,-115.97358032089066,124.05171452724343,4.045592635081452,1121.1132220180698,1120.9310514547085,1120.9552314091266,0.46523317788441326,1120.9996333161178,0.4921084725204147,-176.49460059527829,63.57287521225551,-56.417278646434596,76210.2355330306,76210.2355330306,76210.2355330306,0.0,0.0,76210.2355330306,76210.2355330306,76210.2355330306,0.0,0.0,1,AG,2,70.0,0.01,1.0,R2,0.7827084421879138,0.22097913902966385,True
2433.7245922444563,2433.7732244626986,2432.685172055406,4.6024438589176843e-07,2433.3942778545756,0.7096616729555174,-115.93895789054729,124.03212741791232,4.04559263436113,1121.1083310314377,1122.4278064605244,1120.9552320696835,2.613044756263395e-07,1121.4969282055629,0.9350587750825986,-176.3348733509564,63.61715867821416,-56.41727866584038,76210.2355330306,76210.2355330306,76210.2355330306,0.0,0.0,76210.2355330306,76210.2355330306,76210.2355330306,0.0,0.0,1,BC,2,70.0,0.01,1.0,R2,0.6292953488305749,0.1807979719199725,True
2431.139777005616,2434.1618298789767,2432.6851724485673,1.1413465674156782,2432.6622300392496,0.6036652601991103,-115.97358936579764,124.02677018155367,4.045592679663765,1121.1132244636535,1122.8376014948321,1120.9552295564279,1.1998843311305125,1121.6349056500023,0.5367131973664037,-176.49464228231778,63.6292589758855,-56.41727859387042,76210.2355330306,76210.2355330306,76210.2355330306,0.0,0.0,76210.2355330306,76210.2355330306,76210.2355330306,0.0,0.0,1,BCG,2,70.0,0.01,1.0,R2,0.622752502363643,0.1790527880232022,True
2431.1355033886225,2433.3978370483023,2432.6700475936045,4.177950799539162e-07,2432.400946621916,1.3334498497635854,-115.97364666214204,124.03730434669276,3.985686193868228,1121.1132397242845,1122.0319760199895,1123.2739422251675,6.58821346866216e-07,1122.1393699299638,1.2522164380735046,-176.49490647925649,63.60546093320174,-56.485286524584446,76210.2355330306,76210.2355330306,76210.2355330306,0.0,0.0,76210.2355330306,76210.2355330306,76210.2355330306,0.0,0.0,1,ABC,2,70.0,0.01,1.0,R2,0.5924002359606969,0.17092241703049335,True
2431.1355002345776,2434.1746169761504,2432.6728935725296,0.4716309914752945,2432.6609359334507,1.2830428873582136,-115.97364673622585,124.02659393476533,3.9978081304759607,1121.1132397557153,1122.851086229114,1122.8046304977777,0.49582019807154704,1122.2558192060292,1.2366258279891504,-176.49490666881744,63.62965697162018,-56.471548001867,76210.2355330306,76210.2355330306,76210.2355330306,0.0,0.0,76210.2355330306,76210.2355330306,76210.2355330306,0.0,0.0,1,ABC,2,70.0,0.01,1.0,R2,0.5924002359606969,0.17092241703049335,True
2431.328888832989,2432.3540564810282,2432.6855900574724,0.37042161951564423,2432.1228108298387,0.6025816134921967,-115.97105732591967,124.05171554983552,4.045593631170711,1121.112837443228,1120.9313165791766,1120.9554969948415,0.38941999474388406,1120.9997407629987,0.41860679866278805,-176.48297230842027,63.57287998954122,-56.41727386886167,76210.2355330306,76210.2355330306,76210.2355330306,0.0,0.0,76210.2355330306,76210.2355330306,76210.2355330306,0.0,0.0,1,AG,2,80.0,0.01,1.0,R2,0.820281872652481,0.23060888561747628,True
2433.557778356179,2433.607658277559,2432.685590070871,2.424930029151836e-07,2433.2836387406264,0.598741746542559,-115.9411949089014,124.0344172370412,4.045593631421452,1121.1086493576754,1122.2530477498929,1120.955497567739,2.1852481104658944e-07,1121.43891534027,0.8189133387840081,-176.3452035102847,63.61199225059233,-56.417273885020904,76210.2355330306,76210.2355330306,76210.2355330306,0.0,0.0,76210.2355330306,76210.2355330306,76210.2355330306,0.0,0.0,1,BC,2,80.0,0.01,1.0,R2,0.6535388899749244,0.18724168234177388,True
2431.328286038406,2433.929980996773,2432.685590040496,0.9794841992818828,2432.6479308442176,0.5235730564654438,-115.97106541143559,124.02997293422838,4.045593669023658,1121.1128394810264,1122.5929325115699,1120.955495418948,1.0297201519413168,1121.55343498913,0.45096398613378735,-176.48300957942214,63.622032639383264,-56.41727382419703,76210.2355330306,76210.2355330306,76210.2355330306,0.0,0.0,76210.2355330306,76210.2355330306,76210.2355330306,0.0,0.0,1,BCG,2,80.0,0.01,1.0,R2,0.6468129645788995,0.18545758373649282,True
2431.324581729433,2433.2696988642715,2432.672477919896,9.67993695182956e-07,2432.422116822401,1.1504696771124638,-115.97111512545285,124.03907866735804,3.994308993936136,1121.11285179239,1121.8966925691454,1122.940401098287,5.009320703012119e-07,1121.983065355585,1.0587471042486047,-176.48323854968962,63.60145769555727,-56.47551133621206,76210.2355330306,76210.2355330306,76210.2355330306,0.0,0.0,76210.2355330306,76210.2355330306,76210.2355330306,0.0,0.0,1,ABC,2,80.0,0.01,1.0,R2,0.614659692977635,0.17689054437447302,True
2431.3245795769126,2433.9424139272087,2432.6750034176553,0.40840234802188236,2432.6472826708746,1.1032960225025146,-115.97111512254283,124.02980153074766,4.004803367447017,1121.1128518222883,1122.606043237657,1122.5341371457223,0.4293485000199561,1122.083984184133,1.0469295246103743,-176.48323870440618,63.62241979378926,-56.46361100113406,76210.2355330306,76210.2355330306,76210.2355330306,0.0,0.0,76210.2355330306,76210.2355330306,76210.2355330306,0.0,0.0,1,ABC,2,80.0,0.01,1.0,R2,0.614659692977635,0.17689054437447302,True
2431.7105730104627,2432.3525518597776,2432.6840856938784,0.223457455565095,2432.2490503920326,0.4579007799770632,-115.96593572002475,124.05169871099045,4.045576794811044,1121.1111167714962,1120.9307773392984,1120.9549579037655,0.23491838332200016,1120.9988957219232,0.27276051296008574,-176.45929346922745,63.572870961583725,-56.417282895681936,76210.2355330306,76210.2355330306,76210.2355330306,0.0,0.0,76210.2355330306,76210.2355330306,76210.2355330306,0.0,0.0,1,AG,3,100.0,0.01,1.0,R2,0.8962179397522394,0.24982440273720793,True
2433.199338770963,2433.2518825183015,2432.6840862131858,5.252871976441871e-07,2433.0450890161947,0.3622760128528757,-115.94598960492122,124.03928683091428,4.045576774592141,1121.1083446789664,1121.8789527825536,1120.9549585792356,1.271662275931245e-07,1121.314012426469,0.5718323837791764,-176.36727223148898,63.600940010272545,-56.417282915228114,76210.2355330306,76210.2355330306,76210.2355330306,0.0,0.0,76210.2355330306,76210.2355330306,76210.2355330306,0.0,0.0,1,BC,3,100.0,0.01,1.0,R2,0.7015738944446591,0.19990380145769357,True
2431.7111948444817,2433.4555871952193,2432.6840856805725,0.649372230188018,2432.616946811962,0.3632739988982105,-115.96592738357366,124.03647693712765,4.045576835219404,1121.111115034662,1122.0937439278289,1120.9549563018277,0.6826778496561263,1121.3864761435764,0.2779050227208533,-176.45925503196924,63.60729082839125,-56.41728285008526,76210.2355330306,76210.2355330306,76210.2355330306,0.0,0.0,76210.2355330306,76210.2355330306,76210.2355330306,0.0,0.0,1,BCG,3,100.0,0.01,1.0,R2,0.6945091482012519,0.19805022122564264,True
2431.7084015171945,2433.0175721117625,2432.675175999009,5.691153899846365e-07,2432.466986721779,0.783934891037439,-115.96596482707695,124.04251956500745,4.011575187458238,1121.1111228990026,1121.6319019113414,1122.2708169231416,2.545785336824407e-07,1121.6711803044332,0.6707244420008728,-176.45942774278618,63.59363184851536,-56.45591726972227,76210.2355330306,76210.2355330306,76210.2355330306,0.0,0.0,76210.2355330306,76210.2355330306,76210.2355330306,0.0,0.0,1,ABC,3,100.0,0.01,1.0,R2,0.6587725020541433,0.18862803343788678,True
2431.7083990404885,2433.4672630411696,2432.676944920588,0.27305546467952735,2432.6175127049487,0.7446634586976116,-115.96596486715185,124.03631589771298,4.018593256735398,1121.1111229373685,1122.1060553412171,1121.9991774552789,0.28706045003448294,1121.7386386095131,0.6674223945224379,-176.45942785650038,63.60765475750889,-56.447950427275686,76210.2355330306,76210.2355330306,76210.2355330306,0.0,0.0,76210.2355330306,76210.2355330306,76210.2355330306,0.0,0.0,1,ABC,3,100.0,0.01,1.0,R2,0.6587725020541433,0.18862803343788678,True
2431.9230705197156,2432.353372311734,2432.6849066877708,0.14227603821957605,2432.320436188414,0.37873560870946954,-115.96309030415007,124.0517063833952,4.045584460515937,1121.1108151993303,1120.9310459487758,1120.9552272788335,0.1495729453632906,1120.9990048568413,0.19791090568003802,-176.4462039320219,63.572875501804326,-56.41727835619534,76210.2355330306,76210.2355330306,76210.2355330306,0.0,0.0,76210.2355330306,76210.2355330306,76210.2355330306,0.0,0.0,1,AG,3,110.0,0.01,1.0,R2,0.9347000591891164,0.2594385845902626,True
2432.993982956911,2433.0480649850897,2432.684906292506,1.9383246137339496e-07,2432.908979485525,0.2262385946587501,-115.94874254626563,124.04211784225764,4.045584471083297,1121.1088251364627,1121.6634563319305,1120.9552276798138,9.065652149194702e-08,1121.2424617729662,0.4302262780801728,-176.38001049058278,63.594562070476144,-56.4172783683459,76210.2355330306,76210.2355330306,76210.2355330306,0.0,0.0,76210.2355330306,76210.2355330306,76210.2355330306,0.0,0.0,1,BC,3,110.0,0.01,1.0,R2,0.7254457924233643,0.20614506300772223,True
2431.9259474872138,2433.196908489644,2432.684906677847,0.46707538431606016,2432.6025828273237,0.27827480177122005,-115.96305174020878,124.04006422806962,4.045584489337342,1121.1108078667423,1121.8203932230454,1120.955226133466,0.491030672970625,1121.2954160766606,0.18572892420892947,-176.44602609493475,63.599204651098276,-56.4172783236626,76210.2355330306,76210.2355330306,76210.2355330306,0.0,0.0,76210.2355330306,76210.2355330306,76210.2355330306,0.0,0.0,1,BCG,3,110.0,0.01,1.0,R2,0.7182256957455513,0.2042609574179935,True
2431.923038019629,2432.887904802681,2432.6783618681607,2.500484773108276e-07,2432.4963996086867,0.5859919480792184,-115.96309074935088,124.04432790696927,4.020938824551788,1121.1108152804145,1121.4945923295184,1121.9089622809922,1.4520529230505043e-07,1121.5047426040176,0.4609264469754353,-176.4462060364955,63.58956496634184,-56.445291091090084,76210.2355330306,76210.2355330306,76210.2355330306,0.0,0.0,76210.2355330306,76210.2355330306,76210.2355330306,0.0,0.0,1,ABC,3,110.0,0.01,1.0,R2,0.6807026664766133,0.1944191743576085,True
2431.923035253059,2433.2079440495922,2432.6796533850334,0.19440616370010055,2432.603530864167,0.5525318437721362,-115.96309077697087,124.03991198187828,4.025938589715016,1121.1108152923814,1121.8320289714925,1121.715459808339,0.20437676856340636,1121.5526983502425,0.46307852324882776,-176.44620611232418,63.599548803694816,-56.43961209911563,76210.2355330306,76210.2355330306,76210.2355330306,0.0,0.0,76210.2355330306,76210.2355330306,76210.2355330306,0.0,0.0,1,ABC,3,110.0,0.01,1.0,R2,0.6807026664766133,0.1944191743576085,True
2432.1671524213216,2432.354055567394,2432.685590822379,0.0489316377842857,2432.402258045589,0.2890954078629819,-115.95981887690687,124.0517155545183,4.0455935998825,1121.1105016828371,1120.931315720934,1120.955497924227,0.05144182755413446,1120.9990993064034,0.12909669664778306,-176.43115419017425,63.57287996297531,-56.41727389530136,76210.2355330306,76210.2355330306,76210.2355330306,0.0,0.0,76210.2355330306,76210.2355330306,76210.2355330306,0.0,0.0,1,AG,3,120.0,0.01,1.0,R2,0.9735936105639204,0.2690724653786921,True
2432.7486273417007,2432.8045456379223,2432.685589995056,3.3278927682740875e-07,2432.7462538395907,0.06872013970018942,-115.9520284503173,124.04549690038172,4.045593619291752,1121.10942019345,1121.4062550397348,1120.955497984877,4.380276250795133e-08,1121.157042129313,0.2645769009779419,-176.39521298481702,63.5869466153073,-56.41727389732368,76210.2355330306,76210.2355330306,76210.2355330306,0.0,0.0,76210.2355330306,76210.2355330306,76210.2355330306,0.0,0.0,1,BC,3,120.0,0.01,1.0,R2,0.7492645137689684,0.21233876590361508,True
2432.1766642713637,2432.8983712508675,2432.6855908145444,0.2555862252498556,2432.5868735921235,0.18808415004037143,-115.95969140538273,124.04420204531094,4.045593615418051,1121.1104804531462,1121.5051772099825,1120.955497304744,0.2686953246447241,1121.190372738391,0.09393812673811638,-176.43056623819862,63.589874721942195,-56.41727387781329,76210.2355330306,76210.2355330306,76210.2355330306,0.0,0.0,76210.2355330306,76210.2355330306,76210.2355330306,0.0,0.0,1,BCG,3,120.0,0.01,1.0,R2,0.7418986358318542,0.21042695353897872,True
2432.1715797046,2432.7436605569196,2432.6818238779874,2.6635724591481906e-07,2432.532341207198,0.3625245143703592,-115.95975954763206,124.04633721109485,4.03162039452876,1121.1104917792054,1121.3420634056374,1121.496200132813,5.942136745578273e-08,1121.3162405684948,0.22417595498113024,-176.43088051829702,63.585046215232005,-56.433162005137824,76210.2355330306,76210.2355330306,76210.2355330306,0.0,0.0,76210.2355330306,76210.2355330306,76210.2355330306,0.0,0.0,1,ABC,3,120.0,0.01,1.0,R2,0.7025905887190211,0.20017030633679647,True
2432.1715792750806,2432.9089049224012,2432.6825114873504,0.100464004752829,2432.5876591370634,0.338596958575689,-115.95975955095587,124.0440566814118,4.0342079624941745,1121.1104917851653,1121.5162831962084,1121.3960655620665,0.10561716574261008,1121.3409304863417,0.23345678651251067,-176.43088055464057,63.59020342193984,-56.43022097601046,76210.2355330306,76210.2355330306,76210.2355330306,0.0,0.0,76210.2355330306,76210.2355330306,76210.2355330306,0.0,0.0,1,ABC,3,120.0,0.01,1.0,R2,0.7025905887190211,0.20017030633679647,True
81.58028152049397,79.00681674256117,80.4196035977204,7.134188107204667e-15,80.12072133249569,1.480285333899662e-15,-33.19941356527331,-153.3460699115342,86.79163694188635,79.78704093648209,81.8974563186162,80.89443987942204,7.144698674837806e-15,80.16102245858293,1.4757796487073334e-15,-33.78287077556671,-153.89749319098487,87.46207647823537,75751.72016412827,76044.91205541287,75063.71386687395,1.3628371166332493e-12,4.794944549822598e-12,75678.51550713951,75244.42505180632,74469.43145120275,2.2872214515218613e-12,0.0,0,NONE,0,-1.0,0.0,0.4793498615479277,NONE,-1.0,-1.0,True
153.83267511425714,153.3528271410114,157.78389430205044,1.3971713091953155e-14,154.58551064278038,9.948824854213337e-15,-35.650125013836835,-155.3338324963194,83.7748215226711,153.6685372533174,155.4720841731714,155.0528664413978,1.4094095050818275e-14,154.21072765419817,9.906314059436359e-15,-35.35741924927003,-155.10692333778263,84.34868916474946,77487.88433933907,77284.67576079686,75657.78227039092,1.5291390943920704e-11,6.936248266530277e-12,73419.57319131074,73358.3266059289,74207.86090393427,4.563040088903974e-13,6.998562791795233e-12,0,NONE,0,-1.0,0.0,0.9516242794258318,NONE,-1.0,-1.0,True
139.39801040155143,140.56902599611368,138.84289479273255,0.0,137.76566771641592,9.446615041812211e-15,-35.17520766213467,-154.5016877249449,84.50942293117014,140.61731645891666,137.55989685316126,137.69712395451924,0.0,140.3466926036886,9.619868667326278e-15,-35.396113612211906,-154.7075871852568,85.81114887995446,75467.98750158309,75211.94292298677,76090.27016068618,1.0368280882053708e-12,6.894885505444554e-12,73872.2611205168,73366.82367728671,73830.91837048517,3.1994100256783548e-12,5.3184846322139124e-12,0,NONE,0,-1.0,0.0,0.8471373635143884,NONE,-1.0,-1.0,True
51.9695179746149,52.99027138936151,52.94946209095218,0.0,53.77055678092065,4.774888812629401e-15,-32.51116346375142,-152.77762726916387,87.07102887194026,53.96509580945828,51.68297703028136,52.80194034755496,0.0,52.98314492370264,4.752979430488024e-15,-32.32045622576105,-152.3009265719272,86.93946348589266,76880.71638142811,75814.14640654823,76008.37181948597,1.4979744460880846e-11,7.249328897368081e-12,74632.7161960879,76311.30706210891,75555.926526599,3.268541308782897e-12,4.838652747303843e-12,0,NONE,0,-1.0,0.0,0.31021808656953365,NONE,-1.0,-1.0,True
176.2695971734289,178.12947414749362,177.64526803046738,2.812426362358027e-14,177.9785630002067,3.017273701106366e-14,-35.58332284998444,-155.84841440223855,84.59596908047764,181.5188091820728,183.27085967891236,182.92362777017706,2.8168668108390354e-14,175.9473552972032,2.9803172440660876e-14,-35.072409650095985,-155.7560928696087,83.4976138105572,75177.46981870639,75676.08106673944,76250.18693874347,1.1493032808125602e-12,4.793892909908757e-12,72528.80052237137,72283.31644826698,72872.58946278197,1.5127006338296893e-11,7.720635107694302e-12,0,NONE,0,-1.0,0.0,1.1088472188637604,NONE,-1.0,-1.0,True
187.30802362363298,188.83364735251413,187.60410795762252,1.4368123591381022e-14,187.56283557457758,9.697927541458167e-15,-35.245376885295364,-155.93970559378192,84.13172302543803,188.52029933594906,185.1388810028399,188.96193269174952,1.4259281660715425e-14,188.9483631672347,9.816090313175171e-15,-36.10158703398693,-156.1371191367505,84.57574876707028,75911.66096904685,75356.23659365784,77050.53164751276,4.4901964632194e-13,6.807082917249942e-12,72950.00689354513,73439.89368045494,72383.03010421504,1.363678680416554e-12,5.411440503395123e-12,0,NONE,0,-1.0,0.0,1.1661594028713287,NONE,-1.0,-1.0,True
85.95942037868319,84.50434860943662,85.06933291950342,1.5884398876721744e-14,84.00333255345032,5.337486097635767e-15,-33.56142690972804,-152.28684725125433,87.0314839188772,84.73156586579455,85.17903711479411,82.76062100814704,1.5635303900441642e-14,84.03688794994652,5.2015946231798984e-15,-33.03340950615714,-154.69510904609464,86.22059284498287,76259.08455146458,75897.01699554759,76504.31171180116,3.176663213525877e-12,6.946326073413059e-12,74940.15241049344,73566.29919244358,74584.15172765628,8.155279516556661e-12,2.448365360785866e-12,0,NONE,0,-1.0,0.0,0.5019053728229294,NONE,-1.0,-1.0,True
170.69965925294608,170.99257239775065,168.61231230732224,1.4077593582715915e-14,167.509396097007,3.567998063491965e-15,-35.46151477662987,-154.9819824522417,84.8057905339706,170.48894163319366,168.87205205168067,169.91724899737315,1.41972492476151e-14,165.10525178483215,3.5262199786392204e-15,-35.128723312672676,-155.81021889054074,84.11141344496154,74429.0057181029,75129.00930694226,75886.18845811913,1.6047527779836154e-11,4.891976270155793e-12,72202.87337243311,74863.33630451716,74119.38951785337,6.4106171270426114e-12,7.348282490057912e-12,0,NONE,0,-1.0,0.0,1.0412465933231447,NONE,-1.0,-1.0,True
185.71005116868884,186.74481906977996,186.88718387083156,1.430740910940611e-14,186.2696153523778,1.1753024210821692e-15,-34.97084723149001,-155.81477271875545,84.13209473619821,186.26894232904016,184.5172376171043,186.29999174327463,1.4419945294276395e-14,185.9831928119626,1.1939197400694441e-15,-35.810730702820436,-154.88622668598185,84.56868750246726,75479.31032751568,73887.9645690773,75756.42988511722,1.5623538616996736e-12,7.0111152013162336e-12,72138.23777620702,72375.1734410256,71897.4657446186,5.022182651520096e-12,2.425231500319258e-12,0,NONE,0,-1.0,0.0,1.1517603807290788,NONE,-1.0,-1.0,True
186.34580252683222,184.72025862048324,188.92112807240684,0.0,188.49628826241465,9.678551922958474e-15,-35.573291035742564,-154.93450343810127,84.70846936407968,186.10023104174613,186.2166046949312,183.88209911965984,0.0,187.17116563589283,9.550229887660222e-15,-35.43753390836612,-155.8394787905043,84.71863462377004,77034.43115218147,76614.93915009826,75042.82088001203,3.170383547483534e-12,6.863460061116499e-12,72029.87298308703,73249.73086198058,73001.5564810537,4.614228627017071e-13,5.38741621591044e-12,0,NONE,0,-1.0,0.0,1.1579795612060348,NONE,-1.0,-1.0,True
91.48478633613003,91.26646872513585,92.6730716060714,1.6246317619433794e-14,90.43313829223457,4.74192059481152e-15,-34.105513801675464,-153.1273628148869,86.51407972966028,91.91362371521713,89.80624847695051,92.1040600654012,1.613665739523686e-14,91.14006799552298,4.702459450568175e-15,-33.2515778529351,-153.3454368289629,86.4405908335916,76116.88794167018,77299.79269460193,76504.85201010229,7.863778205987881e-13,5.480986769699588e-12,73291.50963069919,73130.37463074976,74916.15150608546,1.8218698053799137e-12,5.3928351918139835e-12,0,NONE,0,-1.0,0.0,0.5421324511055795,NONE,-1.0,-1.0,True
117.99140725788386,118.57733330002587,117.19006709728939,1.4221414891396884e-14,117.71968415332277,5.611801937312549e-15,-33.99162596045682,-154.82161758333248,84.9911432362138,118.97520371179235,118.12815407036406,117.88061093466597,1.428767918916474e-14,118.26503404496579,5.5657648252089155e-15,-35.02073147964149,-154.93549758188087,85.39102794130847,78013.7847826684,75992.16626310993,74857.55867815494,7.676627760192697e-12,2.428128484658641e-12,75311.5932134787,74487.43041882574,74750.28169437997,1.3784037941380368e-12,5.4753884417733266e-12,0,NONE,0,-1.0,0.0,0.7047445820229967,NONE,-1.0,-1.0,True
105.16771182625523,103.80886537036938,104.32865731409701,7.06654126955189e-15,103.94057065705377,4.768953495822185e-15,-34.35190531476256,-153.95073187877225,85.87173092445188,104.23749159868608,104.5302459798801,105.01404479107318,7.046878956384733e-15,103.86970799931359,4.665155741405643e-15,-34.32668490004346,-153.36500362053593,85.55639509061795,75020.65548845935,74342.84233231432,74746.43856349688,3.429336832454899e-12,2.4429066336856196e-12,74332.51046226296,74828.59030355702,73611.05429303237,1.8192320799542986e-12,5.4381947471291e-12,0,NONE,0,-1.0,0.0,0.6254472707986014,NONE,-1.0,-1.0,True
74.28907893974903,72.29651368615195,73.6277243266824,7.032436087476624e-15,74.06442085617815,5.93657018464908e-16,-33.133125906014094,-153.80422631249115,86.45861012175457,72.80423309658678,74.91139076420855,73.60482712092588,7.152142375270773e-15,73.60496548382693,5.885003495977902e-16,-34.190789134499774,-153.706654304125,87.37695122791234,74965.71823433912,75704.62080114422,75953.56871260099,1.7374370833764446e-11,6.8610013313224e-12,73245.06748077957,73694.46457678256,73983.3646906642,3.865843683990064e-12,3.4374784408466576e-12,0,NONE,0,-1.0,0.0,0.43171266991482526,NONE,-1.0,-1.0,True
169.94912679255557,171.93152846700434,175.03115660174896,0.0,171.9647669382961,1.0766344666390972e-14,-35.24693166988717,-155.6935618570329,85.47867015760131,172.304896973487,172.97348460887125,174.49898955895102,0.0,173.81725704868228,1.0761109997801322e-14,-34.81167940584101,-154.59896508050275,84.53975675256217,76295.01793146727,76290.58534548753,76958.09072446654,4.6371147641006916e-12,2.4177235079891494e-12,71841.94347343502,72951.53575214134,72515.96598895807,1.606267121637158e-11,4.910234274954821e-12,0,NONE,0,-1.0,0.0,1.0685495250062946,NONE,-1.0,-1.0,True
188.34713306125516,191.20843976593062,186.07384762737797,0.0,188.49060412390614,3.5412630387461065e-15,-35.780808201382875,-156.15957809097333,84.74800833039265,187.74223964640117,187.8957386421803,190.2431474815237,0.0,191.576928216255,3.463207241834895e-15,-36.12123689781578,-156.973271126545,84.91514240990236,75980.63621708742,75971.3222793421,75847.64711833284,1.1263919698346302e-12,8.621083763032152e-12,72293.4935357637,71746.94719732724,72782.76401130352,3.1640474484413164e-12,5.391520480443147e-12,0,NONE,0,-1.0,0.0,1.172130147525446,NONE,-1.0,-1.0,True
65.02878739730556,64.11431737128878,65.49948140411695,0.0,63.48429085880482,1.4786503740144897e-15,-32.92762205020818,-152.92374440259434,86.29558302425004,65.13661446270449,64.90728417485529,64.39477328636633,0.0,65.55608487704005,1.4682824753145778e-15,-33.05573903092514,-153.373194750815,86.88637579478623,76172.85085759273,76656.45473805122,76538.76453577568,7.963735425713806e-12,2.4345656222147024e-12,74353.7712273912,75996.46640165037,74859.68121309717,1.4937577740363903e-11,5.3670260426189985e-12,0,NONE,0,-1.0,0.0,0.37914168631771683,NONE,-1.0,-1.0,True
106.12706668316218,107.73754740555076,108.34055683288047,7.101926323707562e-15,107.29364194826684,2.981571885846948e-15,-34.36203448328561,-154.07111590885353,85.57626856178348,107.42808687725824,109.08646034918429,108.44987809891612,7.105084703462168e-15,109.25122130526435,2.95598506550781e-15,-33.204569482916334,-155.5765619091487,86.08676814793651,76004.54425526527,76795.72750313823,76958.06221471156,1.2881268857303813e-12,5.341300400547938e-12,74263.98740462106,73890.29586142162,73448.10459844826,1.564005554767164e-11,3.4280183827772527e-12,0,NONE,0,-1.0,0.0,0.6448825771489941,NONE,-1.0,-1.0,True
146.12476562289584,144.92774187352123,147.20600820823088,0.0,145.17616772858167,9.445185981651899e-15,-35.42623309434281,-155.4590395749148,85.23078501238179,145.41042969151738,144.07295273956044,142.44953098330507,0.0,145.37604796148858,9.625353065092755e-15,-34.6718262290258,-154.56958855796415,85.31779129557253,76239.44164832868,76368.41209767899,75677.65135545492,2.6291587831146505e-12,2.414326859167231e-12,73452.84218436874,73289.01776137542,73071.83539423945,2.722495583306647e-12,6.958867650856158e-12,0,NONE,0,-1.0,0.0,0.8793661168210101,NONE,-1.0,-1.0,True
77.15147504848012,76.40134916646308,77.24061352044116,0.0,76.95617950563798,8.89173723607507e-16,-32.92043218763426,-153.68493091742138,86.20685885962274,77.04223790646009,77.08992454540075,77.19578667353971,0.0,76.75873303485498,8.827504388038193e-16,-33.786163575639556,-153.6629739081535,86.32367900373889,75047.70170543922,75427.69480623477,74770.55836174445,6.688819251126194e-12,2.3873821475734058e-12,74349.47882467609,76155.23444131632,75374.20387253897,1.4907215190779885e-11,5.420495093143032e-12,0,NONE,0,-1.0,0.0,0.45201940013803077,NONE,-1.0,-1.0,True
103.61885521103126,105.32247295469297,102.17900642230771,6.967968605031533e-15,101.54741625091609,5.291221368200499e-15,-33.527190915753394,-153.85465588227274,87.10898169305747,103.70239196119977,103.98386071895283,105.71507072505148,7.150643463882574e-15,105.96257170575903,5.2922929655751554e-15,-34.75553055553356,-153.83114144979024,85.77680303959602,75917.0950630973,74242.94439698577,76422.21699501424,2.2802302169806125e-13,5.469253338316747e-12,73828.69725607987,72749.18681210311,75083.8763067615,6.962044208819476e-13,5.4265135932184936e-12,0,NONE,0,-1.0,0.0,0.6239556456961581,NONE,-1.0,-1.0,True
157.55838055872658,160.0422065712009,156.18800739065702,0.0,155.91321251399424,1.1756325892556165e-15,-36.43820759825113,-155.16800358555963,83.95358507205557,157.67491425698648,156.04679787131562,156.14733310504184,0.0,157.2066706499326,1.1726947571332782e-15,-35.02800270257198,-154.9414170786352,85.3059283511522,75717.42931041584,74669.88865892688,76232.07791976108,3.4044113853466954e-12,5.458323256235428e-12,71678.21023904462,72676.37474741068,73727.49195913634,1.3520957035628888e-12,2.4160645634905487e-12,0,NONE,0,-1.0,0.0,0.957555804595215,NONE,-1.0,-1.0,True
107.02552608164699,108.42999513621311,108.9758599817661,0.0,107.41129719337175,9.763494928519563e-15,-34.69060822079542,-154.01099370514046,86.40407138441098,104.59016764594318,107.59211790668735,107.11836285447927,0.0,107.28647777278115,9.723611821088172e-15,-34.6247981184677,-154.12806185161776,85.34283631358012,75380.10235960718,74502.57496978315,76738.92553260525,3.530648014256093e-12,2.4408198314082562e-12,71739.36150241642,75704.97840905057,73461.17436553162,4.294844522569858e-12,0.0,0,NONE,0,-1.0,0.0,0.6394726198284342,NONE,-1.0,-1.0,True
127.62881420925393,131.04477943326296,127.0842206149301,1.4303420462180426e-14,126.42310648794411,5.2838005792293644e-15,-34.093947326795046,-153.9755737150159,85.11456767464702,127.81737313130843,127.01727182094923,125.25044351826126,1.40254200363125e-14,127.39775076817189,5.295515792660409e-15,-34.38004101528002,-155.01521818818847,86.4018495021516,76200.35584185495,77416.68909082763,77042.98773062197,6.517609672900936e-12,6.907503140036712e-12,73812.7405750456,74047.2580641835,72824.98672552782,2.7245946302090714e-12,3.436465843842465e-12,0,NONE,0,-1.0,0.0,0.7696990731119784,NONE,-1.0,-1.0,True
128.72718582077417,130.3208100861376,130.19941773823157,1.4411387014417258e-14,128.52566288319065,3.509850365414245e-15,-34.962256625985084,-154.6413665809187,85.81743765877353,129.18309922195945,129.52112487257267,127.83995391878433,1.4138439332185688e-14,131.00737185775165,3.5947299096482745e-15,-34.365716254027866,-155.70965636745038,84.89528547959897,76340.78659800661,76291.85781391278,74621.39991559324,5.737973959641549e-12,6.920935602122677e-12,73998.48477437481,74116.71843579222,74957.1731946576,5.100875113128676e-12,3.4291315492527167e-12,0,NONE,0,-1.0,0.0,0.7840350805570637,NONE,-1.0,-1.0,True
69.17521112269493,70.237658241287,70.75732729289948,0.0,70.91249518820716,4.759099154412626e-15,-33.888809738195334,-152.68155538845195,87.04276844446123,69.50645364359016,70.86294884138985,70.93101305257589,0.0,69.4912882114901,4.729653112058814e-15,-32.172712032606654,-153.65214019892323,86.75646224623466,76099.36637551252,75479.28275580957,76558.00626085489,1.596145195126929e-11,4.83374121158933e-12,76207.18704486557,75329.2240307006,74709.11756288778,1.1484812990766274e-12,5.467915520954819e-12,0,NONE,0,-1.0,0.0,0.41506046393812207,NONE,-1.0,-1.0,True
134.58033309546315,134.83023245967314,135.77528061604806,1.416515647415842e-14,135.01760478217412,1.1251573171749883e-14,-35.11273122671202,-154.46843973018537,85.02329041990387,137.49576617371974,137.1768705004253,134.6094633035993,1.414618606814247e-14,136.92975995925138,1.1043777935554317e-14,-34.42355621842314,-154.83614917375866,84.79572229450787,75765.43270280752,76143.85057173696,74437.02470722255,5.708763522920181e-13,1.2298809499936664e-11,73112.36162844601,72643.32151172856,73587.5658220857,9.053185106735324e-13,6.744131463947213e-12,0,NONE,0,-1.0,0.0,0.8254843290838256,NONE,-1.0,-1.0,True
64.94115847913069,63.736773798645096,63.492870929252774,0.0,64.02002312423863,4.831726592828946e-15,-32.97478422142429,-152.75777053759472,86.192553287344,64.287489177344,62.79457956256598,63.33678246355509,0.0,63.97881218632307,4.802506462982546e-15,-32.584203904627095,-153.1264716302763,86.44414812966434,75859.5264579601,75928.18121716706,76419.49682214884,6.88080903228584e-12,2.4313302374812124e-12,75052.16498381089,75257.63706745334,75623.9808564287,2.3029661586819e-12,6.85484320723227e-12,0,NONE,0,-1.0,0.0,0.37302335630004835,NONE,-1.0,-1.0,True
178.56927882222212,183.99053196381413,180.71186160817373,0.0,185.61192996295466,1.1915051256260922e-14,-35.2861375066855,-155.78343382772147,83.83076307745326,181.77230093327358,180.26565489804455,179.81347602365946,0.0,178.93111216831073,1.1951818881880177e-14,-35.74415024782011,-155.8077566533408,84.22342245842893,76096.50594005855,75740.3324386004,75145.27510857001,1.2562423315299762e-12,6.85599163083321e-12,73015.68535319185,72586.73388297245,72497.11813420884,0.0,4.812277616349932e-12,0,NONE,0,-1.0,0.0,1.1249941238986492,NONE,-1.0,-1.0,True
122.22828424706508,122.14371882123315,120.68101378682272,1.4339274546585565e-14,123.61428317220572,0.0,-33.75156107806974,-154.18663325008066,85.51795223193508,122.44434258667633,121.2215800278357,121.26839072762007,1.423393730828315e-14,122.03557895423971,0.0,-34.67142567644612,-154.6292018167157,85.3161808912832,74895.8073487912,76443.39976449932,75977.14980732385,3.4112873582861903e-13,5.426807213619879e-12,75015.50020104308,75206.69224895924,73117.22382641115,5.790501084500338e-12,5.441293967586068e-12,0,NONE,0,-1.0,0.0,0.7381824822119785,NONE,-1.0,-1.0,True
155.99553877124006,157.11054768518696,152.4656937155223,2.0101504960166615e-14,155.41638732547855,7.0436445901984555e-15,-34.31541083408318,-155.06141462736718,84.7629448978716,157.63123687522304,156.76164807356466,155.07455216593584,2.012932874581872e-14,157.39156798903264,7.107688835244627e-15,-34.61244798072241,-154.97429311385926,84.03964923099718,76001.04372530023,75655.0314084968,75580.04990296703,3.954835611732031e-12,6.9007859443125806e-12,73210.74211408639,73213.76889925012,72639.86551873405,0.0,8.754751715875349e-12,0,NONE,0,-1.0,0.0,0.9558896720016341,NONE,-1.0,-1.0,True
104.34758498276034,105.0403537947579,102.9431938349119,7.254063214976182e-15,105.6701541646244,9.673798178707285e-15,-33.831251538759716,-153.95336617380872,86.30017321183371,103.64986820914397,105.90167009108595,106.63895739862166,7.095419362781238e-15,105.71685213795067,9.44636818872387e-15,-33.763719732142405,-155.04257345636776,85.66784994513804,76838.42785740417,75349.64225408198,76456.33237524332,2.8552363577235237e-13,6.817311818662742e-12,74205.27383229528,75007.21424467892,73690.15072207923,4.4848957873822477e-13,4.8554052099265966e-12,0,NONE,0,-1.0,0.0,0.6266396442014923,NONE,-1.0,-1.0,True
169.53831499591743,171.11677691434713,168.56915870581363,0.0,174.7229334403115,1.0100938530280469e-14,-36.30056365445558,-155.57953698629413,85.89421817468069,170.19458934054424,170.33921486519063,171.63112643929924,0.0,170.82353798197195,1.0175190617654202e-14,-35.36299963048042,-155.28248015978343,85.78076469346381,75715.44396708148,74615.09740590671,75949.1949124081,3.568988116476811e-12,6.904717339208987e-12,72659.9016796667,72576.4459138492,74037.65484427604,4.60127446858936e-12,2.4334882608391164e-12,0,NONE,0,-1.0,0.0,1.0485749966722007,NONE,-1.0,-1.0,True
172.60277728853518,169.20521616162378,169.08614077491728,0.0,173.36059624851256,9.602244698024682e-15,-35.82842255999434,-155.55834115236473,84.1053390556831,169.3749694977699,173.10163698977635,171.46360665158602,0.0,171.5689697738648,9.549332222034521e-15,-35.32102825894507,-155.15253424403906,83.68681107566235,75880.90937124731,77823.46831184387,74522.59137533003,2.2484973516358943e-13,5.46686595385193e-12,72496.35645863468,72267.09017288235,73709.17736387027,1.819504480731975e-12,5.439627956007983e-12,0,NONE,0,-1.0,0.0,1.054941232455462,NONE,-1.0,-1.0,True
84.22905690307951,84.75985765289919,84.252991911964,6.976069678486614e-15,84.05274421836206,5.0339891251878536e-15,-32.67444898197774,-153.2750352837569,86.19185404693064,83.61961961605805,82.16994779081907,84.30409705134059,7.169980214660571e-15,83.77014392891152,5.080875756154881e-15,-33.74163041772186,-153.0913277925165,86.9478062630992,76634.31697144623,76444.29926558345,75822.67728477428,6.289478825809271e-13,6.785532219116783e-12,73366.8170143815,73539.32092704899,73627.13224232855,2.2876137785409427e-13,5.4365810521079705e-12,0,NONE,0,-1.0,0.0,0.4979832146223831,NONE,-1.0,-1.0,True
135.33624538921813,137.64642852673848,137.05952051463274,0.0,135.445771764428,9.570403872093886e-15,-35.18185992064809,-155.0024578972623,85.26628277607746,136.7447714323094,136.22234059643253,138.62335360401022,0.0,137.43821051141387,9.517441223571126e-15,-34.59272353470258,-154.68545088836063,85.29708736486592,75921.11120320515,75172.48376064138,75345.46357603159,3.0128526076300322e-12,5.333751774076755e-12,72933.44263595004,74183.39352408201,72323.24880438836,2.71920424117278e-12,3.4457645724435154e-12,0,NONE,0,-1.0,0.0,0.8297008248552746,NONE,-1.0,-1.0,True
70.18073509917991,70.68105616973222,69.80235242178989,0.0,69.5579611449548,4.7988871950800495e-15,-33.54604064936431,-153.0904850935553,86.85397262807501,70.12262902821068,69.92466400812341,70.26848075213698,0.0,70.32250671830923,4.90433059272491e-15,-33.50997496533351,-152.98636776658267,86.02937301859659,75336.16500158115,75376.69105260728,76051.48893025034,5.244526367220717e-12,4.751818585309645e-12,75725.33312535392,74553.90545982214,74815.79475728059,4.5202552681427576e-13,6.8741627913788355e-12,0,NONE,0,-1.0,0.0,0.4145047894710252,NONE,-1.0,-1.0,True
80.34698540120412,77.39432051503269,79.41836788985111,0.0,79.75052036102811,9.664708951428223e-15,-33.38574461849159,-152.4761275803137,86.46403059852815,78.60461641356517,80.43607178279396,79.61890190173067,0.0,81.15786099891086,9.752092470947393e-15,-33.366420452107384,-153.4680346658714,86.13587584299408,76212.39098098264,76153.5798481967,75924.42703182824,3.4891996795854365e-12,1.0940017823995339e-11,74356.5457328989,74017.23148196748,75036.9958878748,6.477338077731467e-12,5.438183456297275e-12,0,NONE,0,-1.0,0.0,0.471999100848287,NONE,-1.0,-1.0,True
97.65659862440955,94.65883318430195,95.96617882748902,7.073472088926909e-15,94.9340375785056,6.2579759945347905e-15,-33.75783897837668,-153.5758299564717,85.83260145922918,96.1170377083913,96.75790518159384,97.38065413425889,7.076559492507308e-15,96.00120866238505,6.252373298270077e-15,-34.05465767060239,-154.21077010088047,85.49334556327511,75269.30853043118,75672.60629607567,75339.15263733828,5.5213048459603474e-12,8.71089939176748e-12,74318.39997821188,75499.03917900771,74734.8139000349,1.619544308213812e-11,3.4500946120472246e-12,0,NONE,0,-1.0,0.0,0.5737436695544278,NONE,-1.0,-1.0,True
84.16436388499199,84.82881006393012,84.6869484290736,7.099277728782869e-15,85.79998650779548,4.9624976243549265e-15,-32.906861298014995,-153.27725957333027,86.18866813363967,84.40390342818856,84.63215709949652,85.18947035004312,7.0742657113884335e-15,84.15862340616263,4.8714021248454336e-15,-34.08829311095248,-152.7215917172305,87.42903752874223,74733.53045309597,76267.18644772579,75695.1943243501,3.118258188994517e-12,6.783780979873891e-12,74843.05049643338,75063.10141405952,73858.72204748006,3.4076129174081165e-12,6.915619546244557e-12,0,NONE,0,-1.0,0.0,0.5024565553911298,NONE,-1.0,-1.0,True
164.063797806208,165.53277312817116,164.2039495392003,3.984885694277635e-14,165.34802440105432,1.52190242204302e-14,-34.75588447807924,-154.99019010386579,84.54600905468588,164.781853638809,165.33694994253983,168.60011732052516,4.072516914965758e-14,166.57736894388128,1.4975409473653733e-14,-35.92920146849708,-156.48838759730958,84.39371851433405,74090.48303302347,77580.26216397923,74810.96166102166,1.4961515814231883e-12,2.3834214353578797e-12,72677.95063929421,71913.80090444851,72163.96446431076,1.3744425495405086e-12,3.3495496604350306e-12,0,NONE,0,-1.0,0.0,1.0218131869949238,NONE,-1.0,-1.0,True
106.87537350407344,107.04405337410405,105.64802090716067,7.14808624343175e-15,106.8355075676076,1.792438012168559e-15,-34.19751873340441,-153.97522691600963,85.97257997040644,106.009273340372,107.32141431569164,107.79874250699883,7.06239888856787e-15,105.46806402424006,1.782585051275023e-15,-35.22692814424247,-154.32083147934233,85.42156738632622,76114.1507587838,75951.50596961266,76782.71095278,5.159197912222423e-12,2.405345365538956e-12,73728.46379585257,73335.85319254134,74609.4588881492,2.052756490430745e-12,5.467008525404335e-12,0,NONE,0,-1.0,0.0,0.6390408263819237,NONE,-1.0,-1.0,True
92.30976117238944,91.14427832606835,90.8286590492797,0.0,91.24129761678061,3.4915663162570356e-15,-34.69624309935495,-153.47842871202562,85.69861865404637,91.75301125516796,92.14836326054878,90.40128687463586,0.0,89.64767587257528,3.5488589424874773e-15,-33.77122077123483,-153.8466857118127,85.93184375435457,77250.18594383991,76655.28915164368,75723.30278715827,1.4068587668432657e-12,4.953623183523072e-12,74594.7102804482,73002.33220731393,73592.34732828019,2.2421456129082077e-13,6.7411299684172954e-12,0,NONE,0,-1.0,0.0,0.5414355220110136,NONE,-1.0,-1.0,True
145.80572838876475,147.30690985687644,148.78000026066266,0.0,147.14170467375357,1.193990924384944e-15,-34.96935901518938,-156.02730566734843,85.36625574348885,145.48098864586228,146.6932222526257,144.723001215524,0.0,147.8007806795656,1.2047443784437996e-15,-34.2120087839319,-154.18717556803753,84.04755218308682,76333.38783033712,76077.55008018961,74358.74433996053,4.889143348063805e-12,2.4052518722315868e-12,73362.18022745922,72951.3283548598,72687.84425354979,1.8465420488256175e-12,5.4546346848230755e-12,0,NONE,0,-1.0,0.0,0.8966110771700206,NONE,-1.0,-1.0,True
68.89333350574442,69.53672304698775,68.88719701149584,7.093383137782575e-15,69.62642152512835,9.689247659334155e-15,-33.8029699538301,-154.26511435601932,87.337032474774,68.8459480489394,68.21219726944402,69.64694279446239,7.232434515756924e-15,69.20999571642282,9.861193463989855e-15,-32.594383216680924,-153.047679001659,86.50194417699655,76553.60471184619,76118.88806759882,75984.73319652163,2.9602432588373793e-12,5.394752306886124e-12,74811.7158298964,75780.22851678003,75254.17572459149,4.125269772641947e-12,5.329348782979533e-12,0,NONE,0,-1.0,0.0,0.4076753360978109,NONE,-1.0,-1.0,True
79.2172879434905,78.76141640203845,77.60552067848522,7.059084384162707e-15,78.17909543881494,2.93694600856321e-16,-33.391254475791975,-154.02722404470862,86.28897411334667,78.54903203558743,78.74218767549142,78.41452503322157,7.064047741957663e-15,78.6835402137343,2.9426808998737507e-16,-33.37322258211155,-154.1753904164569,86.97709367240502,76282.18240178617,74867.16455880988,77045.41683642069,3.643508621385235e-12,6.91854984422835e-12,74105.9166800625,74263.10006757024,75618.26091611173,2.2716017091381246e-12,6.8613611514243404e-12,0,NONE,0,-1.0,0.0,0.4654462881764865,NONE,-1.0,-1.0,True
92.9232118060934,92.91002300748255,92.35903283855178,7.206977301691974e-15,92.22470341853979,3.5753903923443446e-15,-34.02443584371121,-153.34473692160736,86.1697430502481,91.92049036482177,92.68563249839251,93.65341636223165,7.110997174611409e-15,92.82184182198604,3.61474334049164e-15,-34.107412033541785,-154.23105426564317,86.38184324801425,75354.59907619002,75878.82177745634,76319.39416487618,9.079322903861687e-13,8.606139925973456e-12,73797.2962126489,74165.46310499002,73915.68605134239,4.739383660895315e-12,3.3910574241506665e-12,0,NONE,0,-1.0,0.0,0.549295654936135,NONE,-1.0,-1.0,True
155.0435183776689,155.72799614637435,157.5959060645493,1.9825318465863527e-14,152.06953998187936,1.1884506533962838e-14,-36.297880126144115,-156.07695232443572,84.81453568721325,151.5818588668527,155.51813468397927,153.170346813329,2.0083472737070566e-14,154.63140777545902,1.1908527953191505e-14,-35.27327084451,-155.11830057252885,84.96584310510724,75441.9970399371,74429.77574277313,76605.61133508831,4.501111976263867e-13,1.0081700795898278e-11,71892.46124834786,73445.20588500952,73172.93572045707,6.44326044024335e-12,2.4610118068170984e-12,0,NONE,0,-1.0,0.0,0.9473548084731462,NONE,-1.0,-1.0,True
99.4436520105574,99.00251668899674,99.0554965700966,7.133083630677974e-15,100.72352159768425,4.7571206022834614e-15,-33.65899996180567,-154.3588886441212,85.45523062243339,100.86669181394525,98.66059092297024,99.43065333857474,6.96990193088165e-15,101.80710797872545,4.7408960151783205e-15,-34.7321593678787,-153.22049518832452,86.47124126176575,75047.78230575961,74936.57211842433,75691.79884942876,1.5630246200141453e-11,6.972711424788147e-12,74204.76557248885,73924.39232151797,75331.82655925213,1.131966340832211e-12,4.835971427041318e-12,0,NONE,0,-1.0,0.0,0.5969874939609522,NONE,-1.0,-1.0,True
177.58536236192495,176.13030907403515,179.30813743797427,0.0,177.68439624209708,2.1474303684461864e-14,-35.4210282282355,-156.58357977909662,84.85867073040903,176.6394400332396,179.79046514128152,176.00923652634617,0.0,176.39781651346567,2.1506366917984456e-14,-35.33918228405097,-155.95446914017677,84.75545266651584,75805.48639693102,75457.30932692564,76987.96475654762,6.845631915518042e-13,5.3677675810404505e-12,73093.33216996727,73267.80742482748,74676.45348142699,9.14372568216931e-13,7.143405530392374e-12,0,NONE,0,-1.0,0.0,1.0987148872072923,NONE,-1.0,-1.0,True
191.6740013777897,188.28423347256606,191.20490346577952,0.0,185.421960575011,1.0399027834843623e-14,-36.3385320738175,-157.0342599972138,84.07814789016022,190.54290987252776,187.25730065288087,187.6751997285537,0.0,186.75691641055795,1.0674457846221928e-14,-35.63440169515814,-156.5689702972939,83.81146089693374,74837.41010408454,76598.77370416911,75883.26827751502,7.779724333762815e-12,2.4336280103328224e-12,72388.80263151978,72201.16706434594,72651.52757693353,4.559102812982202e-12,0.0,0,NONE,0,-1.0,0.0,1.1608646323556355,NONE,-1.0,-1.0,True
103.78168779319873,104.35870893153847,104.53100578695883,7.088061416021268e-15,103.61454132452121,1.1916038569581452e-15,-34.76936396761775,-153.56726183105528,85.91952130875109,102.75225956139597,104.5824469745061,101.78932172663467,7.260120514777235e-15,103.30003409711047,1.1763993817154996e-15,-32.835303379449904,-154.5114694052389,85.52358068061115,76373.96757765116,75189.03524361516,74594.65671777395,1.4545579671300402e-11,9.595139069687545e-12,74698.13007403714,74940.27982312061,74044.62997260195,1.5531149699522395e-11,5.448334817237826e-12,0,NONE,0,-1.0,0.0,0.6179470260153185,NONE,-1.0,-1.0,True
113.48636829157633,114.41723708968412,111.67738995120608,1.5608692306678103e-14,112.40535429320047,4.214648193628527e-15,-34.342419446164755,-154.56345755729765,85.93406903911875,114.29848034680039,110.53425654237314,113.10547532487278,1.6194005829126483e-14,112.64817308506393,4.125555515620917e-15,-33.27403029389234,-153.6966534212552,85.80888181187787,76018.10147169682,75494.83589013176,76346.92019824022,1.6861392740582934e-12,2.3948228091499647e-12,75332.31098980614,74335.44699099756,74223.65609691797,8.405675651768265e-12,3.514061292205698e-12,0,NONE,0,-1.0,0.0,0.6728120545825582,NONE,-1.0,-1.0,True
186.9693368516079,183.3033665751368,187.596504946961,2.818207370642829e-14,186.3066863544647,1.0476363129102049e-14,-35.724537291043966,-156.33659114431012,83.44688301020368,186.3524555036546,188.2494768399199,184.36300686438742,2.808293534279483e-14,186.8586435954845,1.0636607333116093e-14,-35.313041145570736,-154.16006535829587,85.09650522498384,75371.53533480401,75151.66975858793,76220.97301253876,1.137006588547148e-12,5.374415008559907e-12,74505.50247029295,72617.83993704285,72468.05793561252,1.3767220681798625e-12,7.699118325765871e-12,0,NONE,0,-1.0,0.0,1.1607145026742072,NONE,-1.0,-1.0,True
168.35642518458556,168.77501137682478,169.1039831669775,0.0,167.486246222536,1.1305336184091785e-14,-35.81151087792931,-155.47959812021392,84.93202966635297,168.57612967612636,169.8369029399993,169.88352710747768,0.0,166.57343658095886,1.1075756194432332e-14,-35.71346906651787,-154.84607240710466,84.25008215869029,75169.09028594417,76596.26628114838,75868.59152704774,1.4779039602921742e-12,5.395949904716883e-12,73181.01009573313,72023.38596868508,72455.80505111924,0.0,0.0,0,NONE,0,-1.0,0.0,1.0383719105587248,NONE,-1.0,-1.0,True
89.18386525762368,91.46803328175463,91.73970559646125,0.0,90.22202700377954,5.082420810557412e-15,-34.71646697735414,-154.14833939603557,87.04914077886596,89.39653171177443,90.61567665237762,90.69902647076115,0.0,89.65589841921353,5.108356212776477e-15,-33.86614204042211,-153.26108030738447,85.71687905693344,74496.47724088258,75890.48546161548,75897.93331876502,5.397739153316077e-12,6.827594922875398e-12,75366.72487630519,73745.5936757759,74589.27922563805,4.748758043803735e-12,3.459495009523583e-12,0,NONE,0,-1.0,0.0,0.5375687238565007,NONE,-1.0,-1.0,True
121.98539450039407,122.3299967881479,121.98361297041869,0.0,122.21824081517524,9.969582058757541e-15,-34.98114590667646,-154.49973100277495,84.57136555102618,121.86647698420857,123.49609087340038,123.81245504090829,0.0,121.84513357244023,1.028000226692291e-14,-35.12837763561155,-154.75010386749713,86.33993748409763,74487.72168995356,75906.1317750056,75976.20795169659,2.9868044882005233e-12,5.384150869386328e-12,73481.88903239166,73054.31412493008,72786.21691687468,0.0,6.741428095416888e-12,0,NONE,0,-1.0,0.0,0.7504675656717723,NONE,-1.0,-1.0,True
172.66847704380922,178.61377291198727,175.0337967365672,3.2306130496437734e-14,176.71402409669113,2.072711490524573e-14,-34.84812110751121,-155.34609052061876,84.55110268231078,174.69311495174696,171.6987709981624,174.8609479790242,3.18109973859839e-14,176.30606462089975,2.0408254250904207e-14,-35.54916980011308,-155.07044366938695,83.81664755381222,75039.4700652353,75560.09354235027,74072.95386417232,1.5617178108701264e-11,6.829283093287559e-12,71840.65439998041,72438.35525172431,72843.29918748415,1.8631334568759755e-12,5.437152216532702e-12,0,NONE,0,-1.0,0.0,1.0792879008912084,NONE,-1.0,-1.0,True
166.09951709926494,169.56696166192253,168.35298821516503,1.4163349926859145e-14,168.74570442357077,3.4946568349419758e-15,-35.88813911788175,-154.76861912039558,84.28444188936162,167.53407426188588,169.78569236953223,165.91901873565135,1.4389096106299898e-14,171.15589642035002,3.599459516416419e-15,-35.277554532717886,-156.41753825885414,84.64647102327959,75967.92240597204,76054.88946587533,76058.05986157995,1.4867447181641252e-12,5.4256956097888215e-12,72171.5742742492,73873.43544873636,72395.08588564687,4.515203562342618e-12,3.4652233260920827e-12,0,NONE,0,-1.0,0.0,1.0311172629116874,NONE,-1.0,-1.0,True
55.59555040040844,54.20240442898481,56.257577103871604,0.0,54.740520016778056,1.4693023804755009e-15,-32.95951655027105,-153.55592340177134,87.3564567440009,55.11158105739443,55.441855766753726,54.29630111769021,0.0,54.78548944451748,1.492757784369841e-15,-32.957653658554655,-153.74651378474059,86.73856813122332,76565.64300312584,74744.38535456089,75423.00042315244,1.510538108546634e-11,5.395670701545569e-12,75208.55153613903,74692.1722806177,75873.00254321612,1.4701849851935149e-12,4.899877289070966e-12,0,NONE,0,-1.0,0.0,0.32222339518645904,NONE,-1.0,-1.0,True
70.96131196106042,70.93750056153634,71.29120739559748,7.202984707588955e-15,71.46885347412304,1.1903515681379406e-15,-32.781400008379684,-153.0565390383846,86.7987972133353,70.83222734121523,71.54346753049678,70.68419588396856,7.064778550415541e-15,71.53318821807554,1.2002238615892142e-15,-34.31329162444092,-152.7292123289283,86.38657960999426,76626.39922237834,75997.65598805957,76014.92526263482,1.0239918532854822e-12,7.189230895600282e-12,74449.91910389508,74176.50625601911,75726.65606689204,5.743664569470498e-12,5.396238393413815e-12,0,NONE,0,-1.0,0.0,0.4174363265708688,NONE,-1.0,-1.0,True
144.86555530689134,145.04185871269448,142.5957180814616,2.028512841441118e-14,144.1070356671414,2.382041606061925e-15,-35.85253371573229,-155.59028780055272,85.40153055393317,145.10068269127547,143.66961935740022,144.86786863453645,2.0225096599687515e-14,142.89838065393988,2.3773131739998125e-15,-36.08338700597003,-155.00982976870262,84.8599402338773,74356.50732068639,76434.50540836804,73838.17663544774,2.0211399679494505e-12,6.8470263099094105e-12,75331.85758599894,73873.42936687442,73429.4110296544,6.834558040998255e-12,2.421498784480902e-12,0,NONE,0,-1.0,0.0,0.8837912825490126,NONE,-1.0,-1.0,True
155.98960809437108,154.54982286733016,156.6371135789385,1.4022899955702182e-14,156.90587724448844,2.3928684889133402e-15,-34.70734988237754,-154.7007536888119,84.69110667877305,155.84990908977923,158.661822109593,157.65088519122827,1.427500222856761e-14,156.16392787333956,2.3776898959635887e-15,-35.46227127720534,-155.48442144908392,85.04712746318486,75841.22616872081,76256.28987180724,75169.52562742433,1.157251559152571e-12,5.4367567059748504e-12,73603.98775734322,72389.51802764749,73480.37922893297,4.5654290131812496e-12,5.432501165197018e-12,0,NONE,0,-1.0,0.0,0.9571925981467861,NONE,-1.0,-1.0,True
129.61156700145372,130.4282721614146,132.34787363217194,1.433657967159806e-14,131.57810307938115,1.0296831536492272e-14,-34.782427120295296,-155.37799279441055,84.61894656249008,129.1512287337534,127.79422803441557,131.25831061073183,1.4236237893834112e-14,131.73433807910706,1.0404237617571109e-14,-35.887995684420815,-155.0951542311471,84.77936808229843,74533.33213058245,75622.3818579751,75725.11404920238,1.3304346108867337e-12,4.8280696168168935e-12,74585.81944680038,72736.01770558029,74344.54160179036,1.0044860544768037e-11,3.396713560260246e-12,0,NONE,0,-1.0,0.0,0.7874541200565791,NONE,-1.0,-1.0,True
81.05399969084691,79.81916455867422,81.01739658072336,7.0574554032579854e-15,81.46191378427996,4.813699399984448e-15,-32.89436033298566,-153.4844879003617,86.82576367332004,80.94918896567545,81.34106772489453,82.1276367869357,7.125974824169336e-15,80.50679682106502,4.875564057031241e-15,-33.27690758448177,-154.30984215527778,86.29463437541384,75320.83630442819,76078.59147558793,75701.40867290481,4.571370168748927e-12,5.47693022359735e-12,75474.57754428082,75307.88310408346,74342.46090736662,1.4844580203601753e-11,5.48982691088826e-12,0,NONE,0,-1.0,0.0,0.47774867923441466,NONE,-1.0,-1.0,True
185.65744278182274,184.43777855118648,187.0132116123443,3.153203692524253e-14,186.0742445954321,2.1020817816719332e-14,-37.05813888604719,-155.01175860531305,84.31741432760971,187.79547574547493,185.6572913765923,187.4994309332505,3.140198640090275e-14,185.95904207359905,2.0760208170613904e-14,-36.47912417230293,-155.39315083222618,84.10838554329602,76348.26769455108,75257.51872179648,75560.9973392117,2.2765572570016168e-12,5.3978122223201385e-12,74534.22382260839,73331.87036908587,72703.19364441517,3.221726551816257e-12,8.755253224042304e-12,0,NONE,0,-1.0,0.0,1.161009713208987,NONE,-1.0,-1.0,True
61.75865150054461,61.93796667422626,61.510894093552906,1.0322987807087531e-14,61.92057657805428,2.7745788746542466e-15,-32.767093537530755,-152.8342241089815,86.7690405028061,62.54617091828492,61.96490186288141,60.93231426652369,9.906365843355505e-15,62.97146888651916,2.787088615660654e-15,-33.68662041452122,-153.40228518053326,87.19863872431903,77476.96732305943,75735.67953135783,76768.65950714781,1.4753811348043025e-11,5.5008784204160795e-12,75914.97703167029,74361.12301398827,74076.7134698833,0.0,4.86623096555689e-12,0,NONE,0,-1.0,0.0,0.36366561083989757,NONE,-1.0,-1.0,True
140.74882909169474,147.1280516316227,144.91664923913333,2.85297441361615e-14,147.82781199023407,1.900143083485512e-14,-34.67708322397233,-155.23956494872283,85.16967984850842,147.36116260599522,144.77143189547377,145.6313030837162,2.8626224486689716e-14,149.534966759626,1.878205508911272e-14,-34.687296973813524,-155.7466220376674,85.76184281593387,74693.84107197136,74787.29252657,75878.04009256347,4.2240933916627646e-12,6.8665116491884515e-12,72513.88182876726,72016.38104805117,72704.74121684219,3.198210839852324e-12,2.4096251572853885e-12,0,NONE,0,-1.0,0.0,0.8864076959593328,NONE,-1.0,-1.0,True
58.86808913062206,58.25368180558667,59.146310831211785,0.0,58.61591493470311,1.483376527085655e-15,-32.69504737741501,-152.35155085514376,86.9950942095508,58.60863024599508,59.425175824259334,58.44552092321822,0.0,58.65623062557598,1.4810728390068033e-15,-33.134231056618695,-152.48367278722964,86.87420334378318,76506.03291114345,75381.8796301139,76045.11203138098,9.795236498322695e-12,2.450309775021315e-12,73865.08244144394,76597.90505928417,73754.9575790903,6.744865675014659e-12,2.4511329360785074e-12,0,NONE,0,-1.0,0.0,0.34540964045150263,NONE,-1.0,-1.0,True
134.36101815791054,135.20299740833076,136.3087018449672,1.4188616611706335e-14,135.20931795692815,0.0,-34.592850758711656,-155.54421739625136,86.55364113919111,132.8730051025371,135.51544974801374,134.67373418000392,1.430825981690063e-14,133.20952475865403,0.0,-34.72537340053019,-154.03702164076623,85.50521519663748,75335.19448926422,78506.76282494316,75894.71426385902,1.6370604863174179e-12,4.807858981729911e-12,75068.21140997711,74067.16920714338,73504.79206448194,4.086649185300651e-12,5.4239654891472415e-12,0,NONE,0,-1.0,0.0,0.8178685281157358,NONE,-1.0,-1.0,True
119.5970199803837,119.45168924174223,120.81377259201544,0.0,120.71029492840832,4.76718830594731e-15,-34.34674828962769,-154.2483187153395,85.87175330676708,120.8451477802855,118.94157830184443,122.61862603312817,0.0,118.64431293368399,4.786656674697178e-15,-33.949080265154,-155.2545456881684,84.39120063060953,75089.60276063578,76851.45289700394,75134.02183095836,0.0,5.471613719569898e-12,74533.08951363759,74401.45750429409,73903.80285005098,1.4512893834937633e-11,5.3635804687461675e-12,0,NONE,0,-1.0,0.0,0.7228788721815298,NONE,-1.0,-1.0,True
170.04031536710886,173.43801552106285,170.15573772351635,1.418876667523423e-14,171.92053234444873,9.370122682486717e-15,-35.709094208656886,-156.09033211822108,85.18918297903922,173.75557165540067,172.66426298583886,170.6034385762473,1.4242834942633358e-14,172.77009944595605,9.387057329843963e-15,-36.11931526629638,-155.10472298208603,84.28984257957107,76164.46648494208,75422.45207801071,75858.032216291,2.2531314051792714e-13,0.0,71902.10678213817,71690.23920478877,71571.37746166394,4.119493476772766e-12,2.4433020609759022e-12,0,NONE,0,-1.0,0.0,1.0621221334275892,NONE,-1.0,-1.0,True
81.85622062737049,82.03337922447099,79.34971331910772,0.0,80.03203442250273,5.912543904391424e-16,-33.776893634498634,-153.91155102296764,86.57494631073195,80.72024641393627,81.03572968064239,80.00702118469978,0.0,80.83753189193692,5.74191599506696e-16,-33.57582061308008,-153.3657953956807,86.95760938784049,75941.40116076829,76307.91418015347,76205.98080985436,5.729070494909354e-13,5.386227247066079e-12,74167.62209133175,73370.16512213359,73085.20009533808,1.3663114131227083e-12,5.429572892642895e-12,0,NONE,0,-1.0,0.0,0.47621575170771235,NONE,-1.0,-1.0,True
139.38722118515477,136.95947559527767,135.58129241379575,1.3787533321171144e-14,138.43564734075312,2.352476089371905e-15,-34.66210473083921,-154.8967732897791,85.06010369388763,137.6725846560908,139.54712594888642,136.25500960741005,1.410139657970059e-14,137.7674225371861,2.3627227133341093e-15,-34.586252229977006,-154.84552293455275,85.35673565546861,76388.72801942333,75026.65889785448,76048.02140823673,5.942894723250169e-12,6.825362799838279e-12,73480.8612939408,73668.85241468155,72852.72949123556,6.915427680930547e-12,3.4555978310385052e-12,0,NONE,0,-1.0,0.0,0.8373977088973446,NONE,-1.0,-1.0,True
164.3660152401843,165.03063707763144,163.24510967627916,3.192823845995399e-14,162.76543348096192,1.3471204874632343e-14,-35.96998546306114,-155.36427968168152,84.18533841016512,162.55260558062963,164.22293147279885,163.77604074821795,3.1860282798722275e-14,160.66858635246024,1.3434567910603662e-14,-35.78639274438216,-154.98006617472873,84.63179217103237,75447.60067808787,76333.46264820782,74660.7123614116,3.4225049139488998e-12,4.8535181371582955e-12,74000.83137630092,72093.06262874392,73193.17129489128,0.0,5.513443228713161e-12,0,NONE,0,-1.0,0.0,1.0039214081847316,NONE,-1.0,-1.0,True
62.35772561722418,61.80692470230653,62.03961034802231,0.0,61.80718839449285,5.945869417213653e-15,-33.75894730781691,-153.01361407445134,87.2033819050922,62.10032847252548,61.9699723302165,62.47598800104097,0.0,62.66435437431965,5.9161979366233824e-15,-33.21888458957584,-152.85769054766894,86.65670611781731,75644.17707979627,76455.36047874599,76747.27401403338,6.117790763073787e-12,0.0,74237.02769779872,75550.3922484452,75916.13257782295,2.041266130619632e-12,5.494820835260072e-12,0,NONE,0,-1.0,0.0,0.366159696361907,NONE,-1.0,-1.0,True
125.5863358144227,125.7895393458084,123.48462964257133,0.0,125.11387108791398,1.0322093639018123e-14,-34.270407537599574,-154.8156133833859,86.13072849252477,125.06485447632622,123.7828429437838,126.29981907883842,0.0,122.72094647364482,1.042573970816167e-14,-34.322399626667234,-155.25577470751335,85.13849963354572,75149.94593716916,75381.24412524859,76634.28874636375,2.904837479580808e-12,4.818786116326284e-12,73871.87957416066,74636.33311628998,75686.63032543258,2.264423117507731e-12,2.4778231647046272e-12,0,NONE,0,-1.0,0.0,0.7527395441336145,NONE,-1.0,-1.0,True
67.8256207990192,68.61251996760012,67.23988713646308,0.0,67.78027208426637,4.884203282911346e-15,-32.76106586045186,-153.39652328766618,86.68386387064133,67.30879519519137,67.35382630844065,68.17072362235801,0.0,67.24334106521742,4.9470883489515376e-15,-33.54890390605706,-153.30783843144982,86.78959807091636,76107.6289666823,74503.79176853388,76512.16110960659,1.3123349481806047e-12,8.812669596813797e-12,74083.20401824909,74016.21588029177,75107.83983110583,8.531352272091062e-12,3.4708462699622703e-12,0,NONE,0,-1.0,0.0,0.3979373504489753,NONE,-1.0,-1.0,True
128.55162853053537,129.78887695051287,131.50241921399032,1.4126355601346094e-14,126.53813653872994,5.945279401066769e-16,-35.1256165921546,-154.42031100043778,84.82774879652747,129.14053724340346,129.35807798668918,130.41417735083704,1.379893271114324e-14,130.7963185230794,5.876443584193908e-16,-33.808396987175215,-154.17450290472163,85.04234423918871,76314.69786505512,76340.55000241006,76410.57285955724,1.0126479491459566e-12,5.3655030049049e-12,74388.33300543523,74091.78242687722,72368.29718179198,2.674599323278294e-12,2.4699787993864623e-12,0,NONE,0,-1.0,0.0,0.7822037229896934,NONE,-1.0,-1.0,True
81.48798220825486,82.66784046441039,81.59153367833284,0.0,80.49438370909796,5.908307671778822e-15,-33.30196950953186,-154.1257671755052,86.59339729045394,80.91908545631568,82.2265986950569,80.40497200510407,0.0,81.29224705431011,5.87155792066623e-15,-33.26840161642741,-153.19765866584044,86.6660758454472,75218.85614481237,75542.08639890893,76102.72780982223,1.0833922918244524e-12,6.941570466777452e-12,74281.88618001867,74449.74930449131,75327.43297623463,2.0849001445332718e-12,3.3727942274049657e-12,0,NONE,0,-1.0,0.0,0.4802182959655874,NONE,-1.0,-1.0,True
152.57476623949825,157.80944303833246,156.63731168759327,3.121337760099048e-14,153.9370685768718,1.3102819650531264e-14,-34.1978436602238,-154.65945786069219,84.57109609454797,156.94374769529193,156.58796308603874,156.59086056069262,3.177322460502947e-14,155.18097843492725,1.3277615628717336e-14,-35.31659661538897,-155.1490314922958,85.52383137545172,74180.62792286962,76122.95193892365,78017.64576060945,1.4723632786305176e-12,4.855249523291696e-12,72395.15887223261,72679.66727736712,73277.25114920028,5.891411081840115e-12,2.408813448075866e-12,0,NONE,0,-1.0,0.0,0.960610820938212,NONE,-1.0,-1.0,True
95.24163904262164,95.61017122843064,96.63955754475381,1.5911734358491615e-14,95.16884684057352,6.747183904840233e-15,-33.71495234469953,-154.12294304428733,86.1648423991268,95.56437655517526,97.39558123444966,97.24778462312293,1.590584233734021e-14,96.35900321001556,6.675368731989618e-15,-34.05893319436198,-154.1810546719363,85.26971490437832,74926.12073787466,75277.668483786,74164.92109604293,4.5748878514012715e-12,6.935976214758573e-12,73508.56693845426,75561.42920670594,75092.19025874633,1.3485923776303687e-12,7.592352998978115e-12,0,NONE,0,-1.0,0.0,0.5724849173371576,NONE,-1.0,-1.0,True
101.81318118044608,102.65815613464528,102.43576185919005,0.0,101.93111750891467,9.414031387574896e-15,-33.739521426168324,-154.73232009433562,85.61341708279417,102.4704691495482,101.80960300628,102.7446189586841,0.0,104.05308486184502,9.558071101980627e-15,-34.83012479135498,-154.64114078957073,86.52046490733585,75737.68131650442,76103.21390639273,75754.51429811693,6.151045563110042e-13,6.921711244159463e-12,74152.41253619597,74339.79674759964,74366.5942912124,0.0,5.333725061102308e-12,0,NONE,0,-1.0,0.0,0.6128865159866048,NONE,-1.0,-1.0,True
168.49101311338507,169.91199727577484,163.65076089267626,0.0,166.03056184038482,9.864535423983062e-15,-35.42319545721101,-155.11725704448676,84.89622971284068,166.84044084720358,166.20966274758365,167.45842568116817,0.0,168.11249188391315,9.820743160090604e-15,-34.88413303261104,-154.5009707611057,85.03353787576843,74713.68327312967,76713.21948212842,76424.0584407488,4.198313571196984e-12,5.34664962108184e-12,72721.53823172097,73351.04744931609,73501.44231054491,3.154155622997805e-12,4.835196706700569e-12,0,NONE,0,-1.0,0.0,1.0291110105392764,NONE,-1.0,-1.0,True
72.5197600047091,72.25681501369773,72.04682084441218,7.22486093633413e-15,72.1188630209356,1.7605037941821305e-15,-33.3859920323363,-153.30871006895046,86.44608688524131,71.43957933605398,72.14243678507977,72.96085985308133,7.010860171525435e-15,72.55095400782189,1.7755071313064326e-15,-34.01422376516343,-152.60993385965097,87.06020351440141,76722.41699054821,75688.11648016295,77996.42067639931,2.974269516712852e-12,2.3983996147592235e-12,76025.8015647025,74859.62342742183,74397.64645704672,1.3683952104435132e-12,5.3046192094190414e-12,0,NONE,0,-1.0,0.0,0.42566185493263614,NONE,-1.0,-1.0,True
127.73444574522512,128.44302473931606,129.22801332386462,1.4128740380986005e-14,130.8415611687216,0.0,-34.874179506268106,-155.22528642510648,85.63221359633673,129.9847328350483,128.87042759881197,130.9110070243922,1.4261806435700424e-14,128.80575878565838,0.0,-35.300860139661985,-154.07958047785326,86.35681458457537,74575.53016637282,75350.61818321557,75201.9176172985,6.115585630992237e-12,6.850907861058359e-12,73957.50129462004,73883.81065433031,73558.44604578766,1.3850113617161377e-12,5.471855414905219e-12,0,NONE,0,-1.0,0.0,0.7877403340112779,NONE,-1.0,-1.0,True
113.32085497048969,114.29450845243804,110.34789602476422,7.082682102669632e-15,112.34867676484367,9.719692330082283e-15,-33.97844950364509,-153.23443670269586,85.78952623158175,114.26915301588448,115.02425158839242,114.61722920785584,7.086679785348405e-15,114.41440249953071,9.425752230789697e-15,-33.87832963737018,-153.65705539345012,85.51688769186337,77068.53766787867,77154.36919445106,75705.73540542353,6.796189632383715e-13,6.8568243087453476e-12,73299.9472829128,73389.41562324118,74235.14481508786,3.1605355249413562e-12,2.4822663960128316e-12,0,NONE,0,-1.0,0.0,0.6783059142712402,NONE,-1.0,-1.0,True
101.54609475873674,98.64936519860828,99.40362981228785,7.144636749166553e-15,100.7627858153212,4.784233195682156e-15,-34.170886931075486,-153.16436618944851,86.39110182344913,102.0374519508935,99.62098756514038,99.44687532375822,7.154392506547242e-15,101.19364338742264,4.833228045486367e-15,-33.89853108729957,-153.97787773682796,86.06789654292581,76359.82194614298,74701.29329966873,75879.61106704893,1.9154435397957227e-11,6.846512255241799e-12,75197.4239321335,75807.54945424202,74538.41827154382,7.329838089310011e-12,2.3954780452355106e-12,0,NONE,0,-1.0,0.0,0.5941755489985014,NONE,-1.0,-1.0,True
138.2718128878604,136.80013154012067,136.8438818891352,2.034082028364317e-14,135.51196962524187,1.0474160480912156e-14,-34.3534652028789,-154.9954322436024,85.46784102774333,136.67766115417766,136.1054397346946,137.663285800358,2.031969779730171e-14,135.65068410455382,1.0494541087283319e-14,-34.84236127936221,-153.93460486474905,85.54497771255294,74954.29041428812,76578.70239779733,76578.42058508446,1.504632751549947e-11,6.896784908714911e-12,71989.2247691129,73561.8653023764,73683.18724767222,4.967066339524728e-12,3.418686839187871e-12,0,NONE,0,-1.0,0.0,0.8271293322901319,NONE,-1.0,-1.0,True
95.15429612175075,94.84772804569789,93.81023284807593,7.21016371199167e-15,95.92475101601468,2.374775483263253e-15,-34.18170539462574,-153.18084153879482,86.495262745785,95.20943507827131,93.67347980830995,94.5168638578346,7.13614521666005e-15,95.58448044251915,2.3538367577411005e-15,-33.71494268635955,-154.30841348335815,86.19205749144903,75852.4643745132,75783.72311945053,74255.30289937406,5.168083220053165e-13,4.8121204734933085e-12,76779.58086439536,74031.99145078266,74055.18240626945,1.6284378390344145e-11,3.456998819180228e-12,0,NONE,0,-1.0,0.0,0.5631649384908082,NONE,-1.0,-1.0,True
155.15402036236935,157.27492949875287,154.1149411902966,2.0003688753584063e-14,152.43544952626712,9.778035649362008e-15,-35.5542031650854,-155.25685362789815,84.26272093901441,155.27567902356023,155.55134575882872,156.6780845506869,2.0068125347661673e-14,155.37500790148763,9.777294230342809e-15,-35.23480745172419,-154.59327121318327,83.99229963746951,74993.93145763292,74462.33252473093,75733.88066279257,7.855402601747004e-13,5.433203026431051e-12,71822.00721791688,72395.14648195817,72713.39655265876,4.9568197163043116e-12,2.430912581405706e-12,0,NONE,0,-1.0,0.0,0.9485444432939267,NONE,-1.0,-1.0,True
182.06786291370088,179.3838544947397,179.261515050756,2.846346317840264e-14,179.30783476131984,4.752790559660222e-15,-36.09183285241533,-155.30110349764738,83.74293150337071,179.43038460098452,177.20087296202945,179.69769789853285,2.8903223754726644e-14,178.33104675437502,4.81956351680074e-15,-35.145243421614985,-156.22359678018552,84.16952109003695,75936.83370447093,76255.40127690423,75243.59287665949,1.4370112789188486e-11,5.371521567494898e-12,71287.5966001244,73309.9425174126,72795.59928146735,8.986227228618301e-13,4.831191515868458e-12,0,NONE,0,-1.0,0.0,1.1148787743584179,NONE,-1.0,-1.0,True
145.11054013253133,146.47479113098223,142.3096034176422,1.4117251833253359e-14,144.63172643264755,3.555345285377385e-15,-35.058805945840504,-155.19644593507107,84.5817665672854,145.4166856727503,144.66717053168293,145.86118081227883,1.4190752949222943e-14,143.46076360448063,3.509337050094568e-15,-34.56619941557819,-154.7641168574862,84.70433072679938,75700.9957372213,76250.16383555869,73816.70183116103,7.296838744158558e-12,1.0990255823693918e-11,74005.62758984756,73018.09371031378,73252.47328249404,9.046178089369438e-13,6.835347165766803e-12,0,NONE,0,-1.0,0.0,0.8788444736494567,NONE,-1.0,-1.0,True
98.34913753019721,100.46464128921525,100.70433355110005,1.4387999049388132e-14,99.70214859808758,6.082016565998904e-15,-34.020083860923,-153.56093495203623,85.14236989997615,99.24170203590633,99.25780345925263,101.86397493797128,1.3882071548228334e-14,97.34014526893509,6.083585839207651e-15,-32.788842579559045,-153.7095679826448,86.49019490226735,74279.89070510822,76163.38756858443,76631.35504567414,4.749332302610065e-12,6.852252474050781e-12,74273.96401197342,74802.72995603693,74072.50975712383,4.161932185793949e-12,4.902713156288516e-12,0,NONE,0,-1.0,0.0,0.5938529944935499,NONE,-1.0,-1.0,True
188.06314564887083,189.03910487835577,186.60568451031517,2.8286085131671598e-14,188.07420081878212,2.0084546556336025e-14,-34.60809221349343,-156.1957343116313,84.3302459875336,187.4819809037141,189.42848004398994,188.77817911443088,2.862753338781304e-14,187.27183195369412,2.0314557997267213e-14,-36.01493239079578,-156.3279962512426,85.23723691950899,75381.83888110454,74254.7405955616,74990.47413873626,3.633073522966143e-12,6.768161561247176e-12,72902.4474219756,74057.30875213257,72314.93248601667,3.1817101022570078e-12,3.4865471405552286e-12,0,NONE,0,-1.0,0.0,1.166962789749247,NONE,-1.0,-1.0,True
108.68975284841137,109.09617055542311,110.07049292766958,7.088099603484451e-15,108.12012479761526,1.1859614002076238e-15,-33.450609819962,-153.78937978364752,85.69684710828119,107.49819950331616,111.03753933761863,108.96088308555377,6.98129772807527e-15,108.06255410771531,1.1808834636015584e-15,-34.73554109568254,-153.0421393943658,85.94894547011873,76280.72135012435,77909.23331178559,76695.03760374043,1.549682137339489e-11,7.268163539214391e-12,73760.76135151777,74039.50483193822,75441.23570290006,9.06832309419908e-13,6.992212624764509e-12,0,NONE,0,-1.0,0.0,0.6507884685526748,NONE,-1.0,-1.0,True
161.27656592994344,163.98953910880581,161.98515022306358,1.4435044381376722e-14,159.1447503232421,1.1205161402527653e-14,-35.787092278769244,-155.29620455551608,84.66234262042431,160.51119058060053,162.060308510399,161.0730509457775,1.4106230434390796e-14,162.45267066311075,1.1184542579127151e-14,-35.57548249380865,-154.9137249117108,84.83682030666208,75496.74896479212,75755.88384722153,75889.86542647301,3.763058604996433e-12,5.4706146842239356e-12,73555.50130735846,73161.48521708946,72952.59580196273,3.685552092757652e-12,3.4242497939687785e-12,0,NONE,0,-1.0,0.0,0.9867029295256149,NONE,-1.0,-1.0,True
126.88865287206406,128.90185392342164,127.11137618121091,2.0137460996621614e-14,127.78704535369224,1.0104054030657703e-14,-33.69100594758877,-154.59087767999938,86.14207250694255,126.18454711654826,127.50261319801446,125.87121379101323,1.9717224238158825e-14,127.6372914236413,9.908033996351949e-15,-35.00347530261235,-155.3885078882738,85.5978123590451,75629.20635190021,76159.30443142807,75366.29512241339,5.4372870619076014e-12,6.839332614119735e-12,74454.9890013509,73728.83235168016,73939.35855949517,1.367171745785861e-12,0.0,0,NONE,0,-1.0,0.0,0.7677028941365085,NONE,-1.0,-1.0,True
193.68028176958128,193.2152824926577,188.00969279984835,1.420127002588622e-14,190.61161412798614,3.550060966635355e-15,-35.871495815623774,-156.19459208668556,83.56122876236277,190.1557024015029,191.51874072166436,189.6298063185035,1.4358407874542336e-14,190.55704510801337,3.501632334384205e-15,-35.29872421056923,-155.6943403577781,83.59574504765186,75295.10476490627,74546.28233189792,75587.17627907467,3.393956542722047e-12,4.852749314323163e-12,73021.11995039035,72146.29943720592,73666.08249540666,3.243033597446255e-12,2.4494023884170325e-12,0,NONE,0,-1.0,0.0,1.191197994768902,NONE,-1.0,-1.0,True
133.78013192222497,135.6738746713139,134.20715363853674,0.0,132.82317780082323,1.1860137025401447e-14,-34.62105684862531,-154.77041147749702,85.33283811367555,134.7115366972231,133.1946030567595,133.01725310646023,0.0,133.90691593875468,1.1817950033703123e-14,-34.65565595929359,-155.19625020043026,85.10482549552358,74642.73328127415,75759.28878796494,75730.30071769019,1.888848898070145e-11,5.415053895511202e-12,74827.27621221174,72658.3046945813,73781.78166927451,1.568553913094196e-11,7.79678139653242e-12,0,NONE,0,-1.0,0.0,0.8141728490626745,NONE,-1.0,-1.0,True
